,date,datatype,station,attributes,value
0,2000-11-09T00:00:00,TMIN,GHCND:USC00473405,",,0,0800",-17
1,2000-11-09T00:00:00,TOBS,GHCND:USC00473405,",,0,0800",6
2,2000-11-09T00:00:00,PRCP,GHCND:USC00473453,",,0,0800",41
3,2000-11-09T00:00:00,SNOW,GHCND:USC00473453,"P,,0,",0
4,2000-11-09T00:00:00,SNWD,GHCND:USC00473453,"P,,0,",0
5,2000-11-09T00:00:00,TMAX,GHCND:USC00473453,",,0,0800",61
6,2000-11-09T00:00:00,TMIN,GHCND:USC00473453,",,0,0800",6
7,2000-11-09T00:00:00,TOBS,GHCND:USC00473453,",,0,0800",6
8,2000-11-09T00:00:00,PRCP,GHCND:USC00473511,"P,,0,1300",0
9,2000-11-09T00:00:00,SNOW,GHCND:USC00473511,"P,,0,",0
10,2000-11-09T00:00:00,SNWD,GHCND:USC00473511,"P,,0,",0
11,2000-11-09T00:00:00,TMAX,GHCND:USC00473511,",,0,1300",0
12,2000-11-09T00:00:00,TMIN,GHCND:USC00473511,",,0,1300",-28
13,2000-11-09T00:00:00,TOBS,GHCND:USC00473511,",,0,1300",0
14,2000-11-09T00:00:00,PRCP,GHCND:USC00473636,",,0,0700",0
15,2000-11-09T00:00:00,SNOW,GHCND:USC00473636,"P,,0,",0
16,2000-11-09T00:00:00,SNWD,GHCND:USC00473636,"P,,0,",0
17,2000-11-09T00:00:00,PRCP,GHCND:USC00473654,",,0,0800",41
18,2000-11-09T00:00:00,SNOW,GHCND:USC00473654,",,0,",5
19,2000-11-09T00:00:00,SNWD,GHCND:USC00473654,"P,,0,",0
20,2000-11-09T00:00:00,TMAX,GHCND:USC00473654,",,0,0800",6
21,2000-11-09T00:00:00,TMIN,GHCND:USC00473654,",,0,0800",-17
22,2000-11-09T00:00:00,TOBS,GHCND:USC00473654,",,0,0800",-11
23,2000-11-09T00:00:00,PRCP,GHCND:USC00473698,"P,,0,0800",0
24,2000-11-09T00:00:00,SNOW,GHCND:USC00473698,"P,,0,",0
25,2000-11-09T00:00:00,SNWD,GHCND:USC00473698,"P,,0,",0
26,2000-11-09T00:00:00,TMAX,GHCND:USC00473698,",,0,0800",106
27,2000-11-09T00:00:00,TMIN,GHCND:USC00473698,",,0,0800",-50
28,2000-11-09T00:00:00,TOBS,GHCND:USC00473698,",,0,0800",-11
29,2000-11-09T00:00:00,PRCP,GHCND:USC00473756,",,0,0700",69
30,2000-11-09T00:00:00,SNOW,GHCND:USC00473756,"P,,0,",0
31,2000-11-09T00:00:00,SNWD,GHCND:USC00473756,"P,,0,",0
32,2000-11-09T00:00:00,TMAX,GHCND:USC00473756,",,0,0700",67
33,2000-11-09T00:00:00,TMIN,GHCND:USC00473756,",,0,0700",0
34,2000-11-09T00:00:00,TOBS,GHCND:USC00473756,",,0,0700",0
35,2000-11-09T00:00:00,PRCP,GHCND:USC00473800,",,0,0800",0
36,2000-11-09T00:00:00,SNOW,GHCND:USC00473800,",,0,",0
37,2000-11-09T00:00:00,SNWD,GHCND:USC00473800,",,0,",0
38,2000-11-09T00:00:00,TMAX,GHCND:USC00473800,",,0,0800",-11
39,2000-11-09T00:00:00,TMIN,GHCND:USC00473800,",,0,0800",-28
40,2000-11-09T00:00:00,TOBS,GHCND:USC00473800,",,0,0800",-22
41,2000-11-09T00:00:00,PRCP,GHCND:USC00474080,",,0,1900",0
42,2000-11-09T00:00:00,SNOW,GHCND:USC00474080,"P,,0,",0
43,2000-11-09T00:00:00,SNWD,GHCND:USC00474080,"P,,0,",0
44,2000-11-09T00:00:00,TMAX,GHCND:USC00474080,",,0,1900",6
45,2000-11-09T00:00:00,TMIN,GHCND:USC00474080,",,0,1900",-28
46,2000-11-09T00:00:00,TOBS,GHCND:USC00474080,",,0,1900",-6
47,2000-11-09T00:00:00,PRCP,GHCND:USC00474174,",L,0,0700",333
48,2000-11-09T00:00:00,SNOW,GHCND:USC00474174,"P,,0,",0
49,2000-11-09T00:00:00,SNWD,GHCND:USC00474174,"P,,0,",0
50,2000-11-09T00:00:00,TMAX,GHCND:USC00474174,",,0,0700",56
51,2000-11-09T00:00:00,TMIN,GHCND:USC00474174,",,0,0700",22
52,2000-11-09T00:00:00,TOBS,GHCND:USC00474174,",,0,0700",28
53,2000-11-09T00:00:00,PRCP,GHCND:USC00474195,",,0,0700",71
54,2000-11-09T00:00:00,SNOW,GHCND:USC00474195,"P,,0,",0
55,2000-11-09T00:00:00,SNWD,GHCND:USC00474195,"P,,0,",0
56,2000-11-09T00:00:00,TMAX,GHCND:USC00474195,",,0,0700",61
57,2000-11-09T00:00:00,TMIN,GHCND:USC00474195,",,0,0700",6
58,2000-11-09T00:00:00,TOBS,GHCND:USC00474195,",,0,0700",11
59,2000-11-09T00:00:00,PRCP,GHCND:USC00474366,",,0,0730",0
60,2000-11-09T00:00:00,SNOW,GHCND:USC00474366,",,0,",0
61,2000-11-09T00:00:00,SNWD,GHCND:USC00474366,"P,,0,",0
62,2000-11-09T00:00:00,PRCP,GHCND:USC00474373,"T,,0,0700",0
63,2000-11-09T00:00:00,SNOW,GHCND:USC00474373,"T,,0,",0
64,2000-11-09T00:00:00,SNWD,GHCND:USC00474373,",,0,",0
65,2000-11-09T00:00:00,TMAX,GHCND:USC00474373,",,0,0700",-17
66,2000-11-09T00:00:00,TMIN,GHCND:USC00474373,",,0,0700",-28
67,2000-11-09T00:00:00,TOBS,GHCND:USC00474373,",,0,0700",-28
68,2000-11-09T00:00:00,PRCP,GHCND:USC00474383,"P,,0,0700",0
69,2000-11-09T00:00:00,SNOW,GHCND:USC00474383,"P,,0,",0
70,2000-11-09T00:00:00,SNWD,GHCND:USC00474383,"P,,0,",0
71,2000-11-09T00:00:00,PRCP,GHCND:USC00474404,",,0,0800",0
72,2000-11-09T00:00:00,SNOW,GHCND:USC00474404,"T,,0,",0
73,2000-11-09T00:00:00,SNWD,GHCND:USC00474404,"T,,0,",0
74,2000-11-09T00:00:00,PRCP,GHCND:USC00474457,",,0,1900",122
75,2000-11-09T00:00:00,SNOW,GHCND:USC00474457,"P,,0,",0
76,2000-11-09T00:00:00,SNWD,GHCND:USC00474457,"P,,0,",0
77,2000-11-09T00:00:00,TMAX,GHCND:USC00474457,",,0,1900",50
78,2000-11-09T00:00:00,TMIN,GHCND:USC00474457,",,0,1900",11
79,2000-11-09T00:00:00,TOBS,GHCND:USC00474457,",,0,1900",17
80,2000-11-09T00:00:00,PRCP,GHCND:USC00474482,",,0,0700",5
81,2000-11-09T00:00:00,SNOW,GHCND:USC00474482,"P,,0,",0
82,2000-11-09T00:00:00,SNWD,GHCND:USC00474482,"P,,0,",0
83,2000-11-09T00:00:00,TMAX,GHCND:USC00474482,",,0,0700",56
84,2000-11-09T00:00:00,TMIN,GHCND:USC00474482,",,0,0700",0
85,2000-11-09T00:00:00,TOBS,GHCND:USC00474482,",,0,0700",0
86,2000-11-09T00:00:00,PRCP,GHCND:USC00474523,",,0,0800",8
87,2000-11-09T00:00:00,SNOW,GHCND:USC00474523,"T,,0,",0
88,2000-11-09T00:00:00,SNWD,GHCND:USC00474523,"T,,0,",0
89,2000-11-09T00:00:00,TMAX,GHCND:USC00474523,",,0,0800",6
90,2000-11-09T00:00:00,TMIN,GHCND:USC00474523,",,0,0800",-17
91,2000-11-09T00:00:00,TOBS,GHCND:USC00474523,",,0,0800",-11
92,2000-11-09T00:00:00,PRCP,GHCND:USC00474546,",,0,0800",97
93,2000-11-09T00:00:00,SNOW,GHCND:USC00474546,",,0,",13
94,2000-11-09T00:00:00,SNWD,GHCND:USC00474546,"T,,0,",0
95,2000-11-09T00:00:00,TMAX,GHCND:USC00474546,",,0,0800",-6
96,2000-11-09T00:00:00,TMIN,GHCND:USC00474546,",,0,0800",-22
97,2000-11-09T00:00:00,TOBS,GHCND:USC00474546,",,0,0800",-17
98,2000-11-09T00:00:00,PRCP,GHCND:USC00474582,"T,,0,0700",0
99,2000-11-09T00:00:00,SNOW,GHCND:USC00474582,"T,,0,",0
100,2000-11-09T00:00:00,SNWD,GHCND:USC00474582,",,0,",0
101,2000-11-09T00:00:00,TMAX,GHCND:USC00474582,",,0,0700",-11
102,2000-11-09T00:00:00,TMIN,GHCND:USC00474582,",,0,0700",-22
103,2000-11-09T00:00:00,TOBS,GHCND:USC00474582,",,0,0700",-22
104,2000-11-09T00:00:00,PRCP,GHCND:USC00474829,"P,,0,0730",0
105,2000-11-09T00:00:00,SNOW,GHCND:USC00474829,",,0,",0
106,2000-11-09T00:00:00,SNWD,GHCND:USC00474829,",,0,",0
107,2000-11-09T00:00:00,PRCP,GHCND:USC00474894,"P,,0,1700",0
108,2000-11-09T00:00:00,SNOW,GHCND:USC00474894,"P,,0,",0
109,2000-11-09T00:00:00,SNWD,GHCND:USC00474894,"P,,0,",0
110,2000-11-09T00:00:00,TMAX,GHCND:USC00474894,",,0,1700",-6
111,2000-11-09T00:00:00,TMIN,GHCND:USC00474894,",,0,1700",-33
112,2000-11-09T00:00:00,TOBS,GHCND:USC00474894,",,0,1700",-11
113,2000-11-09T00:00:00,PRCP,GHCND:USC00474937,",,0,0600",13
114,2000-11-09T00:00:00,SNOW,GHCND:USC00474937,"P,,0,",0
115,2000-11-09T00:00:00,SNWD,GHCND:USC00474937,"P,,0,",0
116,2000-11-09T00:00:00,TMAX,GHCND:USC00474937,",,0,1900",28
117,2000-11-09T00:00:00,TMIN,GHCND:USC00474937,",,0,1900",-11
118,2000-11-09T00:00:00,TOBS,GHCND:USC00474937,",,0,1900",17
119,2000-11-09T00:00:00,PRCP,GHCND:USC00474953,"P,,0,0700",0
120,2000-11-09T00:00:00,SNOW,GHCND:USC00474953,"P,,0,",0
121,2000-11-09T00:00:00,SNWD,GHCND:USC00474953,"P,,0,",0
122,2000-11-09T00:00:00,TMAX,GHCND:USC00474953,",,0,0700",11
123,2000-11-09T00:00:00,TMIN,GHCND:USC00474953,",,0,0700",-11
124,2000-11-09T00:00:00,TOBS,GHCND:USC00474953,",,0,0700",-6
125,2000-11-09T00:00:00,PRCP,GHCND:USC00475017,",,0,1800",71
126,2000-11-09T00:00:00,SNOW,GHCND:USC00475017,"P,,0,",0
127,2000-11-09T00:00:00,SNWD,GHCND:USC00475017,"P,,0,",0
128,2000-11-09T00:00:00,TMAX,GHCND:USC00475017,",,0,1800",61
129,2000-11-09T00:00:00,TMIN,GHCND:USC00475017,",,0,1800",0
130,2000-11-09T00:00:00,TOBS,GHCND:USC00475017,",,0,1800",28
131,2000-11-09T00:00:00,PRCP,GHCND:USC00475091,",,0,0600",53
132,2000-11-09T00:00:00,SNOW,GHCND:USC00475091,"T,,0,",0
133,2000-11-09T00:00:00,SNWD,GHCND:USC00475091,"T,,0,",0
134,2000-11-09T00:00:00,TMAX,GHCND:USC00475091,",,0,0600",50
135,2000-11-09T00:00:00,TMIN,GHCND:USC00475091,",,0,0600",-6
136,2000-11-09T00:00:00,WT04,GHCND:USC00475091,",,0,",1
137,2000-11-09T00:00:00,PRCP,GHCND:USC00475120,",,0,0700",0
138,2000-11-09T00:00:00,SNOW,GHCND:USC00475120,",,0,",0
139,2000-11-09T00:00:00,SNWD,GHCND:USC00475120,",,0,0700",0
140,2000-11-09T00:00:00,TMAX,GHCND:USC00475120,",,0,0700",-6
141,2000-11-09T00:00:00,TMIN,GHCND:USC00475120,",,0,0700",-22
142,2000-11-09T00:00:00,TOBS,GHCND:USC00475120,",,0,0700",-17
143,2000-11-09T00:00:00,PRCP,GHCND:USC00475164,"T,,0,0700",0
144,2000-11-09T00:00:00,SNOW,GHCND:USC00475164,"T,,0,",0
145,2000-11-09T00:00:00,SNWD,GHCND:USC00475164,"T,,0,",0
146,2000-11-09T00:00:00,TMAX,GHCND:USC00475164,",,0,0700",-6
147,2000-11-09T00:00:00,TMIN,GHCND:USC00475164,",,0,0700",-22
148,2000-11-09T00:00:00,TOBS,GHCND:USC00475164,",,0,0700",-22
149,2000-11-09T00:00:00,PRCP,GHCND:USC00475178,",,0,0700",51
150,2000-11-09T00:00:00,SNOW,GHCND:USC00475178,"T,,0,",0
151,2000-11-09T00:00:00,SNWD,GHCND:USC00475178,"T,,0,",0
152,2000-11-09T00:00:00,TMAX,GHCND:USC00475178,",,0,0700",6
153,2000-11-09T00:00:00,TMIN,GHCND:USC00475178,",,0,0700",-22
154,2000-11-09T00:00:00,TOBS,GHCND:USC00475178,",,0,0700",-17
155,2000-11-09T00:00:00,PRCP,GHCND:USC00475255,",,0,0800",0
156,2000-11-09T00:00:00,SNOW,GHCND:USC00475255,"P,,0,",0
157,2000-11-09T00:00:00,SNWD,GHCND:USC00475255,"P,,0,",0
158,2000-11-09T00:00:00,TMAX,GHCND:USC00475255,",,0,0800",-17
159,2000-11-09T00:00:00,TMIN,GHCND:USC00475255,",,0,0800",-33
160,2000-11-09T00:00:00,TOBS,GHCND:USC00475255,",,0,0800",-22
161,2000-11-09T00:00:00,PRCP,GHCND:USC00475286,"T,,0,0800",0
162,2000-11-09T00:00:00,SNOW,GHCND:USC00475286,"T,,0,",0
163,2000-11-09T00:00:00,SNWD,GHCND:USC00475286,"T,,0,",0
164,2000-11-09T00:00:00,TMAX,GHCND:USC00475286,",,0,0800",-11
165,2000-11-09T00:00:00,TMIN,GHCND:USC00475286,",,0,0800",-22
166,2000-11-09T00:00:00,TOBS,GHCND:USC00475286,",,0,0800",-22
167,2000-11-09T00:00:00,PRCP,GHCND:USC00475335,",,0,1600",0
168,2000-11-09T00:00:00,SNOW,GHCND:USC00475335,"P,,0,",0
169,2000-11-09T00:00:00,SNWD,GHCND:USC00475335,"P,,0,",0
170,2000-11-09T00:00:00,TMAX,GHCND:USC00475335,",,0,1600",6
171,2000-11-09T00:00:00,TMIN,GHCND:USC00475335,",,0,1600",-17
172,2000-11-09T00:00:00,TOBS,GHCND:USC00475335,",,0,1600",6
173,2000-11-09T00:00:00,PRCP,GHCND:USC00475364,",,0,0800",0
174,2000-11-09T00:00:00,SNOW,GHCND:USC00475364,"P,,0,",0
175,2000-11-09T00:00:00,SNWD,GHCND:USC00475364,"P,,0,",0
176,2000-11-09T00:00:00,TMAX,GHCND:USC00475364,",,0,0800",-6
177,2000-11-09T00:00:00,TMIN,GHCND:USC00475364,",,0,0800",-22
178,2000-11-09T00:00:00,TOBS,GHCND:USC00475364,",,0,0800",-17
179,2000-11-09T00:00:00,PRCP,GHCND:USC00475474,",,0,0700",41
180,2000-11-09T00:00:00,SNOW,GHCND:USC00475474,"P,,0,",0
181,2000-11-09T00:00:00,SNWD,GHCND:USC00475474,"P,,0,",0
182,2000-11-09T00:00:00,TMAX,GHCND:USC00475474,",,0,0700",33
183,2000-11-09T00:00:00,TMIN,GHCND:USC00475474,",,0,0700",17
184,2000-11-09T00:00:00,TOBS,GHCND:USC00475474,",,0,0700",28
185,2000-11-09T00:00:00,PRCP,GHCND:USC00475516,"T,,0,0700",0
186,2000-11-09T00:00:00,SNOW,GHCND:USC00475516,"P,,0,",0
187,2000-11-09T00:00:00,SNWD,GHCND:USC00475516,"P,,0,",0
188,2000-11-09T00:00:00,TMAX,GHCND:USC00475516,",,0,0700",-6
189,2000-11-09T00:00:00,TMIN,GHCND:USC00475516,",,0,0700",-50
190,2000-11-09T00:00:00,TOBS,GHCND:USC00475516,",,0,0700",-44
191,2000-11-09T00:00:00,PRCP,GHCND:USC00475525,"T,,0,1630",0
192,2000-11-09T00:00:00,SNOW,GHCND:USC00475525,"T,,0,",0
193,2000-11-09T00:00:00,SNWD,GHCND:USC00475525,"T,,0,",0
194,2000-11-09T00:00:00,TMAX,GHCND:USC00475525,",,0,1630",0
195,2000-11-09T00:00:00,TMIN,GHCND:USC00475525,",,0,1630",-28
196,2000-11-09T00:00:00,TOBS,GHCND:USC00475525,",,0,1630",-6
197,2000-11-09T00:00:00,PRCP,GHCND:USC00475563,"P,,0,1700",0
198,2000-11-09T00:00:00,SNOW,GHCND:USC00475563,"P,,0,",0
199,2000-11-09T00:00:00,SNWD,GHCND:USC00475563,"P,,0,",0
200,2000-11-09T00:00:00,TMAX,GHCND:USC00475563,",,0,1700",11
201,2000-11-09T00:00:00,TMIN,GHCND:USC00475563,",,0,1700",-17
202,2000-11-09T00:00:00,TOBS,GHCND:USC00475563,",,0,1700",6
203,2000-11-09T00:00:00,WT01,GHCND:USC00475563,",,0,",1
204,2000-11-09T00:00:00,PRCP,GHCND:USC00475573,",,0,0700",51
205,2000-11-09T00:00:00,SNOW,GHCND:USC00475573,"P,,0,",0
206,2000-11-09T00:00:00,SNWD,GHCND:USC00475573,"P,,0,",0
207,2000-11-09T00:00:00,PRCP,GHCND:USC00475581,",,0,0800",53
208,2000-11-09T00:00:00,SNOW,GHCND:USC00475581,"P,,0,",0
209,2000-11-09T00:00:00,SNWD,GHCND:USC00475581,"P,,0,",0
210,2000-11-09T00:00:00,TMAX,GHCND:USC00475581,",,0,0800",56
211,2000-11-09T00:00:00,TMIN,GHCND:USC00475581,",,0,0800",-11
212,2000-11-09T00:00:00,TOBS,GHCND:USC00475581,",,0,0800",-11
213,2000-11-09T00:00:00,SNOW,GHCND:USC00475718,",,0,",10
214,2000-11-09T00:00:00,SNWD,GHCND:USC00475718,"P,,0,",0
215,2000-11-09T00:00:00,PRCP,GHCND:USC00475786,",,0,",8
216,2000-11-09T00:00:00,SNOW,GHCND:USC00475786,"P,,0,",0
217,2000-11-09T00:00:00,SNWD,GHCND:USC00475786,"P,,0,",0
218,2000-11-09T00:00:00,TMAX,GHCND:USC00475786,",,0,",33
219,2000-11-09T00:00:00,TMIN,GHCND:USC00475786,",,0,",-17
220,2000-11-09T00:00:00,TOBS,GHCND:USC00475786,",,0,",17
221,2000-11-09T00:00:00,PRCP,GHCND:USC00475808,",,0,0630",0
222,2000-11-09T00:00:00,SNOW,GHCND:USC00475808,"P,,0,",0
223,2000-11-09T00:00:00,SNWD,GHCND:USC00475808,"P,,0,",0
224,2000-11-09T00:00:00,TMAX,GHCND:USC00475808,",,0,0630",-6
225,2000-11-09T00:00:00,TMIN,GHCND:USC00475808,",,0,0630",-22
226,2000-11-09T00:00:00,TOBS,GHCND:USC00475808,",,0,0630",-17
227,2000-11-09T00:00:00,PRCP,GHCND:USC00475932,",,0,0630",38
228,2000-11-09T00:00:00,SNOW,GHCND:USC00475932,"P,,0,",0
229,2000-11-09T00:00:00,SNWD,GHCND:USC00475932,"P,,0,",0
230,2000-11-09T00:00:00,TMAX,GHCND:USC00475932,",,0,0630",50
231,2000-11-09T00:00:00,TMIN,GHCND:USC00475932,",,0,0630",-6
232,2000-11-09T00:00:00,TOBS,GHCND:USC00475932,",,0,0630",-6
233,2000-11-09T00:00:00,WT06,GHCND:USC00475932,",,0,",1
234,2000-11-09T00:00:00,PRCP,GHCND:USC00476122,"P,,0,0700",0
235,2000-11-09T00:00:00,SNOW,GHCND:USC00476122,"P,,0,",0
236,2000-11-09T00:00:00,SNWD,GHCND:USC00476122,"P,,0,",0
237,2000-11-09T00:00:00,TMAX,GHCND:USC00476122,",,0,0700",28
238,2000-11-09T00:00:00,TMIN,GHCND:USC00476122,",,0,0700",-28
239,2000-11-09T00:00:00,TOBS,GHCND:USC00476122,",,0,0700",0
240,2000-11-09T00:00:00,PRCP,GHCND:USC00476200,",,0,0700",48
241,2000-11-09T00:00:00,SNOW,GHCND:USC00476200,"P,,0,",0
242,2000-11-09T00:00:00,SNWD,GHCND:USC00476200,"P,,0,",0
243,2000-11-09T00:00:00,TMAX,GHCND:USC00476200,",,0,0700",67
244,2000-11-09T00:00:00,TMIN,GHCND:USC00476200,",,0,0700",6
245,2000-11-09T00:00:00,TOBS,GHCND:USC00476200,",,0,0700",11
246,2000-11-09T00:00:00,WT01,GHCND:USC00476200,",,0,",1
247,2000-11-09T00:00:00,PRCP,GHCND:USC00476208,",,0,0700",33
248,2000-11-09T00:00:00,SNOW,GHCND:USC00476208,"T,,0,",0
249,2000-11-09T00:00:00,SNWD,GHCND:USC00476208,"T,,0,",0
250,2000-11-09T00:00:00,TMAX,GHCND:USC00476208,",,0,0700",44
251,2000-11-09T00:00:00,TMIN,GHCND:USC00476208,",,0,0700",-6
252,2000-11-09T00:00:00,TOBS,GHCND:USC00476208,",,0,0700",-6
253,2000-11-09T00:00:00,WT04,GHCND:USC00476208,",,0,",1
254,2000-11-09T00:00:00,PRCP,GHCND:USC00476280,"T,,0,0700",0
255,2000-11-09T00:00:00,SNOW,GHCND:USC00476280,"P,,0,",0
256,2000-11-09T00:00:00,SNWD,GHCND:USC00476280,"P,,0,",0
257,2000-11-09T00:00:00,PRCP,GHCND:USC00476330,",,0,0700",51
258,2000-11-09T00:00:00,SNWD,GHCND:USC00476330,"P,,0,",0
259,2000-11-09T00:00:00,TMAX,GHCND:USC00476330,",,0,0700",61
260,2000-11-09T00:00:00,TMIN,GHCND:USC00476330,",,0,0700",-6
261,2000-11-09T00:00:00,TOBS,GHCND:USC00476330,",,0,0700",0
262,2000-11-09T00:00:00,WT04,GHCND:USC00476330,",,0,",1
263,2000-11-09T00:00:00,PRCP,GHCND:USC00476357,"P,,0,0800",0
264,2000-11-09T00:00:00,SNOW,GHCND:USC00476357,"P,,0,",0
265,2000-11-09T00:00:00,SNWD,GHCND:USC00476357,"P,,0,",0
266,2000-11-09T00:00:00,TMAX,GHCND:USC00476357,",,0,0800",-17
267,2000-11-09T00:00:00,TMIN,GHCND:USC00476357,",,0,0800",-28
268,2000-11-09T00:00:00,TOBS,GHCND:USC00476357,",,0,0800",-22
269,2000-11-09T00:00:00,PRCP,GHCND:USC00476398,"P,,0,0800",0
270,2000-11-09T00:00:00,SNOW,GHCND:USC00476398,"P,,0,",0
271,2000-11-09T00:00:00,SNWD,GHCND:USC00476398,"P,,0,",0
272,2000-11-09T00:00:00,TMAX,GHCND:USC00476398,",,0,0800",-28
273,2000-11-09T00:00:00,TMIN,GHCND:USC00476398,",,0,0800",-39
274,2000-11-09T00:00:00,TOBS,GHCND:USC00476398,",,0,0800",-28
275,2000-11-09T00:00:00,PRCP,GHCND:USC00476413,"T,,0,0800",0
276,2000-11-09T00:00:00,SNOW,GHCND:USC00476413,"P,,0,",0
277,2000-11-09T00:00:00,SNWD,GHCND:USC00476413,"P,,0,",0
278,2000-11-09T00:00:00,TMAX,GHCND:USC00476413,",,0,0800",-11
279,2000-11-09T00:00:00,TMIN,GHCND:USC00476413,",,0,0800",-28
280,2000-11-09T00:00:00,TOBS,GHCND:USC00476413,",,0,0800",-22
281,2000-11-09T00:00:00,PRCP,GHCND:USC00476510,",,0,0730",33
282,2000-11-09T00:00:00,SNOW,GHCND:USC00476510,"P,,0,",0
283,2000-11-09T00:00:00,SNWD,GHCND:USC00476510,"P,,0,",0
284,2000-11-09T00:00:00,PRCP,GHCND:USC00476518,",,0,0700",15
285,2000-11-09T00:00:00,SNOW,GHCND:USC00476518,"T,,0,",0
286,2000-11-09T00:00:00,SNWD,GHCND:USC00476518,"T,,0,",0
287,2000-11-09T00:00:00,PRCP,GHCND:USC00476646,",,0,0700",18
288,2000-11-09T00:00:00,SNOW,GHCND:USC00476646,"P,,0,",0
289,2000-11-09T00:00:00,SNWD,GHCND:USC00476646,"P,,0,",0
290,2000-11-09T00:00:00,TMAX,GHCND:USC00476646,",,0,0700",22
291,2000-11-09T00:00:00,TMIN,GHCND:USC00476646,",,0,0700",-22
292,2000-11-09T00:00:00,TOBS,GHCND:USC00476646,",,0,0700",-11
293,2000-11-09T00:00:00,PRCP,GHCND:USC00476678,",,0,0730",46
294,2000-11-09T00:00:00,SNOW,GHCND:USC00476678,"P,,0,",0
295,2000-11-09T00:00:00,SNWD,GHCND:USC00476678,"P,,0,",0
296,2000-11-09T00:00:00,TMAX,GHCND:USC00476678,",,0,0730",61
297,2000-11-09T00:00:00,TMIN,GHCND:USC00476678,",,0,0730",0
298,2000-11-09T00:00:00,TOBS,GHCND:USC00476678,",,0,0730",6
299,2000-11-09T00:00:00,PRCP,GHCND:USC00476718,",,0,0700",33
300,2000-11-09T00:00:00,SNOW,GHCND:USC00476718,"P,,0,",0
301,2000-11-09T00:00:00,SNWD,GHCND:USC00476718,"P,,0,",0
302,2000-11-09T00:00:00,TMAX,GHCND:USC00476718,",,0,0700",56
303,2000-11-09T00:00:00,TMIN,GHCND:USC00476718,",,0,0700",-6
304,2000-11-09T00:00:00,TOBS,GHCND:USC00476718,",,0,0700",-6
305,2000-11-09T00:00:00,PRCP,GHCND:USC00476764,",,0,2400",216
306,2000-11-09T00:00:00,SNOW,GHCND:USC00476764,"P,,0,",0
307,2000-11-09T00:00:00,SNWD,GHCND:USC00476764,"P,,0,",0
308,2000-11-09T00:00:00,TMAX,GHCND:USC00476764,",,0,2400",33
309,2000-11-09T00:00:00,TMIN,GHCND:USC00476764,",,0,2400",17
310,2000-11-09T00:00:00,TOBS,GHCND:USC00476764,",,0,2400",28
311,2000-11-09T00:00:00,PRCP,GHCND:USC00476772,"T,,0,0800",0
312,2000-11-09T00:00:00,SNOW,GHCND:USC00476772,"P,,0,",0
313,2000-11-09T00:00:00,SNWD,GHCND:USC00476772,"P,,0,",0
314,2000-11-09T00:00:00,TMAX,GHCND:USC00476772,",,0,0800",111
315,2000-11-09T00:00:00,TMIN,GHCND:USC00476772,",,0,0800",-17
316,2000-11-09T00:00:00,TOBS,GHCND:USC00476772,",,0,0800",-11
317,2000-11-09T00:00:00,PRCP,GHCND:USC00476827,",,0,0700",13
318,2000-11-09T00:00:00,SNOW,GHCND:USC00476827,"T,,0,",0
319,2000-11-09T00:00:00,SNWD,GHCND:USC00476827,"T,,0,",0
320,2000-11-09T00:00:00,TMAX,GHCND:USC00476827,",,0,0700",17
321,2000-11-09T00:00:00,TMIN,GHCND:USC00476827,",,0,0700",-17
322,2000-11-09T00:00:00,TOBS,GHCND:USC00476827,",,0,0700",-6
323,2000-11-09T00:00:00,PRCP,GHCND:USC00476838,",,0,0700",25
324,2000-11-09T00:00:00,SNOW,GHCND:USC00476838,"P,,0,",0
325,2000-11-09T00:00:00,SNWD,GHCND:USC00476838,"P,,0,",0
326,2000-11-09T00:00:00,TMAX,GHCND:USC00476838,",,0,0700",67
327,2000-11-09T00:00:00,TMIN,GHCND:USC00476838,",,0,0700",-17
328,2000-11-09T00:00:00,TOBS,GHCND:USC00476838,",,0,0700",-11
329,2000-11-09T00:00:00,PRCP,GHCND:USC00476859,"P,,0,0800",0
330,2000-11-09T00:00:00,SNOW,GHCND:USC00476859,"P,,0,",0
331,2000-11-09T00:00:00,SNWD,GHCND:USC00476859,"P,,0,",0
332,2000-11-09T00:00:00,TMAX,GHCND:USC00476859,",,0,0800",-22
333,2000-11-09T00:00:00,TMIN,GHCND:USC00476859,",,0,0800",-33
334,2000-11-09T00:00:00,TOBS,GHCND:USC00476859,",,0,0800",-28
335,2000-11-09T00:00:00,PRCP,GHCND:USC00476922,",,0,0800",178
336,2000-11-09T00:00:00,SNOW,GHCND:USC00476922,"P,,0,",0
337,2000-11-09T00:00:00,SNWD,GHCND:USC00476922,"P,,0,",0
338,2000-11-09T00:00:00,TMAX,GHCND:USC00476922,",,0,0800",83
339,2000-11-09T00:00:00,TMIN,GHCND:USC00476922,",,0,0800",33
340,2000-11-09T00:00:00,TOBS,GHCND:USC00476922,",,0,0800",44
341,2000-11-09T00:00:00,PRCP,GHCND:USC00477015,"T,,0,0800",0
342,2000-11-09T00:00:00,SNOW,GHCND:USC00477015,"T,,0,",0
343,2000-11-09T00:00:00,SNWD,GHCND:USC00477015,"T,,0,",0
344,2000-11-09T00:00:00,PRCP,GHCND:USC00477092,",,0,0800",5
345,2000-11-09T00:00:00,SNOW,GHCND:USC00477092,",,0,",0
346,2000-11-09T00:00:00,SNWD,GHCND:USC00477092,",,0,",0
347,2000-11-09T00:00:00,TMAX,GHCND:USC00477092,",,0,0800",-6
348,2000-11-09T00:00:00,TMIN,GHCND:USC00477092,",,0,0800",-28
349,2000-11-09T00:00:00,TOBS,GHCND:USC00477092,",,0,0800",-6
350,2000-11-09T00:00:00,PRCP,GHCND:USC00477113,"P,,0,2230",0
351,2000-11-09T00:00:00,SNOW,GHCND:USC00477113,"P,,0,",0
352,2000-11-09T00:00:00,SNWD,GHCND:USC00477113,"P,,0,",0
353,2000-11-09T00:00:00,TMAX,GHCND:USC00477113,",,0,2230",6
354,2000-11-09T00:00:00,TMIN,GHCND:USC00477113,",,0,2230",-22
355,2000-11-09T00:00:00,TOBS,GHCND:USC00477113,",,0,2230",6
356,2000-11-09T00:00:00,PRCP,GHCND:USC00477121,"P,,0,0700",0
357,2000-11-09T00:00:00,SNOW,GHCND:USC00477121,"P,,0,",0
358,2000-11-09T00:00:00,SNWD,GHCND:USC00477121,"P,,0,",0
359,2000-11-09T00:00:00,PRCP,GHCND:USC00477132,",,0,0800",0
360,2000-11-09T00:00:00,SNOW,GHCND:USC00477132,",,0,",0
361,2000-11-09T00:00:00,SNWD,GHCND:USC00477132,",,0,",0
362,2000-11-09T00:00:00,TMAX,GHCND:USC00477132,",,0,0800",-17
363,2000-11-09T00:00:00,TMIN,GHCND:USC00477132,",,0,0800",-28
364,2000-11-09T00:00:00,TOBS,GHCND:USC00477132,",,0,0800",-22
365,2000-11-09T00:00:00,PRCP,GHCND:USC00477142,"P,,0,0700",0
366,2000-11-09T00:00:00,SNOW,GHCND:USC00477142,"P,,0,",0
367,2000-11-09T00:00:00,SNWD,GHCND:USC00477142,"P,,0,",0
368,2000-11-09T00:00:00,TMAX,GHCND:USC00477142,",,0,0700",-11
369,2000-11-09T00:00:00,TMIN,GHCND:USC00477142,",,0,0700",-28
370,2000-11-09T00:00:00,TOBS,GHCND:USC00477142,",,0,0700",-22
371,2000-11-09T00:00:00,PRCP,GHCND:USC00477158,",,0,0700",64
372,2000-11-09T00:00:00,SNOW,GHCND:USC00477158,",,0,",8
373,2000-11-09T00:00:00,SNWD,GHCND:USC00477158,",,0,",0
374,2000-11-09T00:00:00,TMAX,GHCND:USC00477158,",,0,0700",17
375,2000-11-09T00:00:00,TMIN,GHCND:USC00477158,",,0,0700",-11
376,2000-11-09T00:00:00,TOBS,GHCND:USC00477158,",,0,0700",-6
377,2000-11-09T00:00:00,PRCP,GHCND:USC00477174,"P,,0,0700",0
378,2000-11-09T00:00:00,SNOW,GHCND:USC00477174,"P,,0,",0
379,2000-11-09T00:00:00,SNWD,GHCND:USC00477174,"T,,0,",0
380,2000-11-09T00:00:00,TMAX,GHCND:USC00477174,",,0,0700",0
381,2000-11-09T00:00:00,TMIN,GHCND:USC00477174,",,0,0700",-22
382,2000-11-09T00:00:00,TOBS,GHCND:USC00477174,",,0,0700",-6
383,2000-11-09T00:00:00,PRCP,GHCND:USC00477209,",,0,1800",76
384,2000-11-09T00:00:00,SNOW,GHCND:USC00477209,"P,,0,",0
385,2000-11-09T00:00:00,SNWD,GHCND:USC00477209,"P,,0,",0
386,2000-11-09T00:00:00,PRCP,GHCND:USC00477226,"P,,0,0600",0
387,2000-11-09T00:00:00,SNOW,GHCND:USC00477226,"P,,0,",0
388,2000-11-09T00:00:00,TMAX,GHCND:USC00477226,",,0,0600",-22
389,2000-11-09T00:00:00,TMIN,GHCND:USC00477226,",,0,0600",-28
390,2000-11-09T00:00:00,TOBS,GHCND:USC00477226,",,0,0600",-22
391,2000-11-09T00:00:00,PRCP,GHCND:USC00477319,"P,,0,0800",0
392,2000-11-09T00:00:00,SNOW,GHCND:USC00477319,"P,,0,",0
393,2000-11-09T00:00:00,SNWD,GHCND:USC00477319,"P,,0,",0
394,2000-11-09T00:00:00,TMAX,GHCND:USC00477319,",,0,0800",6
395,2000-11-09T00:00:00,TMIN,GHCND:USC00477319,",,0,0800",-22
396,2000-11-09T00:00:00,TOBS,GHCND:USC00477319,",,0,0800",6
397,2000-11-09T00:00:00,PRCP,GHCND:USC00477349,",,0,0700",5
398,2000-11-09T00:00:00,SNOW,GHCND:USC00477349,"T,,0,",0
399,2000-11-09T00:00:00,SNWD,GHCND:USC00477349,"T,,0,",0
400,2000-11-09T00:00:00,TMAX,GHCND:USC00477349,",,0,0700",0
401,2000-11-09T00:00:00,TMIN,GHCND:USC00477349,",,0,0700",-22
402,2000-11-09T00:00:00,TOBS,GHCND:USC00477349,",,0,0700",-17
403,2000-11-09T00:00:00,PRCP,GHCND:USC00477464,",,0,0600",0
404,2000-11-09T00:00:00,SNOW,GHCND:USC00477464,"T,,0,",0
405,2000-11-09T00:00:00,SNWD,GHCND:USC00477464,"T,,0,",0
406,2000-11-09T00:00:00,TMAX,GHCND:USC00477464,",,0,0600",11
407,2000-11-09T00:00:00,TMIN,GHCND:USC00477464,",,0,0600",-44
408,2000-11-09T00:00:00,TOBS,GHCND:USC00477464,",,0,0600",-17
409,2000-11-09T00:00:00,PRCP,GHCND:USC00477480,"T,,0,0700",0
410,2000-11-09T00:00:00,SNOW,GHCND:USC00477480,"T,,0,",0
411,2000-11-09T00:00:00,SNWD,GHCND:USC00477480,"T,,0,",0
412,2000-11-09T00:00:00,TMAX,GHCND:USC00477480,",,0,0700",-17
413,2000-11-09T00:00:00,TMIN,GHCND:USC00477480,",,0,0700",-28
414,2000-11-09T00:00:00,TOBS,GHCND:USC00477480,",,0,0700",-22
415,2000-11-09T00:00:00,PRCP,GHCND:USC00477636,",,0,0700",25
416,2000-11-09T00:00:00,SNOW,GHCND:USC00477636,"P,,0,",0
417,2000-11-09T00:00:00,SNWD,GHCND:USC00477636,"P,,0,",0
418,2000-11-09T00:00:00,TMAX,GHCND:USC00477636,",,0,0700",56
419,2000-11-09T00:00:00,TMIN,GHCND:USC00477636,",,0,0700",-6
420,2000-11-09T00:00:00,TOBS,GHCND:USC00477636,",,0,0700",-6
421,2000-11-09T00:00:00,PRCP,GHCND:USC00477708,",,0,0800",30
422,2000-11-09T00:00:00,SNOW,GHCND:USC00477708,"P,,0,",0
423,2000-11-09T00:00:00,SNWD,GHCND:USC00477708,"P,,0,",0
424,2000-11-09T00:00:00,TMAX,GHCND:USC00477708,",,0,0800",33
425,2000-11-09T00:00:00,TMIN,GHCND:USC00477708,",,0,0800",-11
426,2000-11-09T00:00:00,TOBS,GHCND:USC00477708,",,0,0800",-6
427,2000-11-09T00:00:00,PRCP,GHCND:USC00477725,",,0,1600",157
428,2000-11-09T00:00:00,SNOW,GHCND:USC00477725,"P,,0,",0
429,2000-11-09T00:00:00,SNWD,GHCND:USC00477725,"P,,0,",0
430,2000-11-09T00:00:00,TMAX,GHCND:USC00477725,",,0,1600",56
431,2000-11-09T00:00:00,TMIN,GHCND:USC00477725,",,0,1600",-17
432,2000-11-09T00:00:00,TOBS,GHCND:USC00477725,",,0,1600",44
433,2000-11-09T00:00:00,PRCP,GHCND:USC00477745,"P,,0,1800",0
434,2000-11-09T00:00:00,SNOW,GHCND:USC00477745,"P,,0,",0
435,2000-11-09T00:00:00,SNWD,GHCND:USC00477745,"P,,0,",0
436,2000-11-09T00:00:00,PRCP,GHCND:USC00477892,",,0,0700",25
437,2000-11-09T00:00:00,SNOW,GHCND:USC00477892,",,0,",25
438,2000-11-09T00:00:00,SNWD,GHCND:USC00477892,",,0,",25
439,2000-11-09T00:00:00,TMAX,GHCND:USC00477892,",,0,0700",-17
440,2000-11-09T00:00:00,TMIN,GHCND:USC00477892,",,0,0700",-28
441,2000-11-09T00:00:00,TOBS,GHCND:USC00477892,",,0,0700",-28
442,2000-11-09T00:00:00,PRCP,GHCND:USC00477997,",,0,0800",0
443,2000-11-09T00:00:00,SNOW,GHCND:USC00477997,",,0,",0
444,2000-11-09T00:00:00,SNWD,GHCND:USC00477997,",,0,",0
445,2000-11-09T00:00:00,TMAX,GHCND:USC00477997,",,0,0800",6
446,2000-11-09T00:00:00,TMIN,GHCND:USC00477997,",,0,0800",-11
447,2000-11-09T00:00:00,TOBS,GHCND:USC00477997,",,0,0800",-11
448,2000-11-09T00:00:00,PRCP,GHCND:USC00478018,"P,,0,0700",0
449,2000-11-09T00:00:00,SNOW,GHCND:USC00478018,"P,,0,",0
450,2000-11-09T00:00:00,SNWD,GHCND:USC00478018,"P,,0,",0
451,2000-11-09T00:00:00,PRCP,GHCND:USC00478027,"P,,0,1630",0
452,2000-11-09T00:00:00,SNOW,GHCND:USC00478027,"P,,0,",0
453,2000-11-09T00:00:00,SNWD,GHCND:USC00478027,"T,,0,",0
454,2000-11-09T00:00:00,TMAX,GHCND:USC00478027,",,0,1630",0
455,2000-11-09T00:00:00,TMIN,GHCND:USC00478027,",,0,1630",-28
456,2000-11-09T00:00:00,TOBS,GHCND:USC00478027,",,0,1630",0
457,2000-11-09T00:00:00,PRCP,GHCND:USC00478080,"P,,0,0800",0
458,2000-11-09T00:00:00,SNOW,GHCND:USC00478080,"P,,0,",0
459,2000-11-09T00:00:00,SNWD,GHCND:USC00478080,"P,,0,",0
460,2000-11-09T00:00:00,PRCP,GHCND:USC00478110,"P,,0,",0
461,2000-11-09T00:00:00,SNOW,GHCND:USC00478110,"P,,0,",0
462,2000-11-09T00:00:00,SNWD,GHCND:USC00478110,"P,,0,",0
463,2000-11-09T00:00:00,TMAX,GHCND:USC00478110,",,0,",-22
464,2000-11-09T00:00:00,TMIN,GHCND:USC00478110,",,0,",-22
465,2000-11-09T00:00:00,TOBS,GHCND:USC00478110,",,0,",-22
466,2000-11-09T00:00:00,PRCP,GHCND:USC00478171,",,0,0700",8
467,2000-11-09T00:00:00,SNOW,GHCND:USC00478171,"T,,0,",0
468,2000-11-09T00:00:00,SNWD,GHCND:USC00478171,"T,,0,",0
469,2000-11-09T00:00:00,TMAX,GHCND:USC00478171,",,0,0700",6
470,2000-11-09T00:00:00,TMIN,GHCND:USC00478171,",,0,0700",-17
471,2000-11-09T00:00:00,TOBS,GHCND:USC00478171,",,0,0700",-11
472,2000-11-09T00:00:00,PRCP,GHCND:USC00478229,",,0,0800",53
473,2000-11-09T00:00:00,SNOW,GHCND:USC00478229,"P,,0,",0
474,2000-11-09T00:00:00,SNWD,GHCND:USC00478229,"P,,0,",0
475,2000-11-09T00:00:00,TMAX,GHCND:USC00478229,",,0,0800",61
476,2000-11-09T00:00:00,TMIN,GHCND:USC00478229,",,0,0800",0
477,2000-11-09T00:00:00,TOBS,GHCND:USC00478229,",,0,0800",0
478,2000-11-09T00:00:00,PRCP,GHCND:USC00478241,",,0,0700",0
479,2000-11-09T00:00:00,SNOW,GHCND:USC00478241,"P,,0,",0
480,2000-11-09T00:00:00,SNWD,GHCND:USC00478241,"P,,0,0700",0
481,2000-11-09T00:00:00,PRCP,GHCND:USC00478267,",,0,0730",64
482,2000-11-09T00:00:00,SNOW,GHCND:USC00478267,"P,,0,",0
483,2000-11-09T00:00:00,SNWD,GHCND:USC00478267,"P,,0,",0
484,2000-11-09T00:00:00,TMAX,GHCND:USC00478267,",,0,0730",56
485,2000-11-09T00:00:00,TMIN,GHCND:USC00478267,",,0,0730",11
486,2000-11-09T00:00:00,TOBS,GHCND:USC00478267,",,0,0730",22
487,2000-11-09T00:00:00,WT01,GHCND:USC00478267,",,0,",1
488,2000-11-09T00:00:00,PRCP,GHCND:USC00478288,",,0,0700",0
489,2000-11-09T00:00:00,SNOW,GHCND:USC00478288,"P,,0,",0
490,2000-11-09T00:00:00,SNWD,GHCND:USC00478288,"P,,0,",0
491,2000-11-09T00:00:00,PRCP,GHCND:USC00478316,",,0,0700",8
492,2000-11-09T00:00:00,SNOW,GHCND:USC00478316,"P,,0,",0
493,2000-11-09T00:00:00,SNWD,GHCND:USC00478316,"P,,0,",0
494,2000-11-09T00:00:00,TMAX,GHCND:USC00478316,",,0,0700",67
495,2000-11-09T00:00:00,TMIN,GHCND:USC00478316,",,0,0700",6
496,2000-11-09T00:00:00,TOBS,GHCND:USC00478316,",,0,0700",6
497,2000-11-09T00:00:00,PRCP,GHCND:USC00478324,",,0,0500",0
498,2000-11-09T00:00:00,SNOW,GHCND:USC00478324,"P,,0,",0
499,2000-11-09T00:00:00,SNWD,GHCND:USC00478324,"P,,0,",0
500,2000-11-09T00:00:00,PRCP,GHCND:USC00478349,"P,,0,2400",0
501,2000-11-09T00:00:00,SNOW,GHCND:USC00478349,"P,,0,",0
502,2000-11-09T00:00:00,SNWD,GHCND:USC00478349,"P,,0,",0
503,2000-11-09T00:00:00,TMAX,GHCND:USC00478349,",,0,2400",22
504,2000-11-09T00:00:00,TMIN,GHCND:USC00478349,",,0,2400",-6
505,2000-11-09T00:00:00,TOBS,GHCND:USC00478349,",,0,2400",11
506,2000-11-09T00:00:00,PRCP,GHCND:USC00478376,",,0,0800",28
507,2000-11-09T00:00:00,SNOW,GHCND:USC00478376,"P,,0,",0
508,2000-11-09T00:00:00,SNWD,GHCND:USC00478376,"P,,0,",0
509,2000-11-09T00:00:00,TMAX,GHCND:USC00478376,",,0,0800",33
510,2000-11-09T00:00:00,TMIN,GHCND:USC00478376,",,0,0800",-6
511,2000-11-09T00:00:00,TOBS,GHCND:USC00478376,",,0,0800",-6
512,2000-11-09T00:00:00,PRCP,GHCND:USC00478589,",,0,0700",0
513,2000-11-09T00:00:00,SNOW,GHCND:USC00478589,"P,,0,",0
514,2000-11-09T00:00:00,SNWD,GHCND:USC00478589,",,0,",0
515,2000-11-09T00:00:00,TMAX,GHCND:USC00478589,",,0,1900",17
516,2000-11-09T00:00:00,TMIN,GHCND:USC00478589,",,0,1900",-17
517,2000-11-09T00:00:00,TOBS,GHCND:USC00478589,",,0,1900",11
518,2000-11-09T00:00:00,PRCP,GHCND:USC00478672,",,0,0700",41
519,2000-11-09T00:00:00,SNOW,GHCND:USC00478672,",,0,",0
520,2000-11-09T00:00:00,SNWD,GHCND:USC00478672,",,0,",0
521,2000-11-09T00:00:00,TMAX,GHCND:USC00478672,",,0,0700",61
522,2000-11-09T00:00:00,TMIN,GHCND:USC00478672,",,0,0700",6
523,2000-11-09T00:00:00,TOBS,GHCND:USC00478672,",,0,0700",11
524,2000-11-09T00:00:00,PRCP,GHCND:USC00478723,",,0,0800",196
525,2000-11-09T00:00:00,TMAX,GHCND:USC00478723,",,0,0800",56
526,2000-11-09T00:00:00,TMIN,GHCND:USC00478723,",,0,0800",17
527,2000-11-09T00:00:00,TOBS,GHCND:USC00478723,",,0,0800",22
528,2000-11-09T00:00:00,PRCP,GHCND:USC00478827,"P,,0,2400",0
529,2000-11-09T00:00:00,SNOW,GHCND:USC00478827,"P,,0,",0
530,2000-11-09T00:00:00,SNWD,GHCND:USC00478827,"P,,0,",0
531,2000-11-09T00:00:00,TMAX,GHCND:USC00478827,",,0,2400",22
532,2000-11-09T00:00:00,TMIN,GHCND:USC00478827,",,0,2400",-28
533,2000-11-09T00:00:00,TOBS,GHCND:USC00478827,",,0,2400",-6
534,2000-11-09T00:00:00,PRCP,GHCND:USC00478905,",,0,0700",69
535,2000-11-09T00:00:00,SNOW,GHCND:USC00478905,"P,,0,",0
536,2000-11-09T00:00:00,SNWD,GHCND:USC00478905,"P,,0,",0
537,2000-11-09T00:00:00,TMAX,GHCND:USC00478905,",,0,0700",39
538,2000-11-09T00:00:00,TMIN,GHCND:USC00478905,",,0,0700",11
539,2000-11-09T00:00:00,TOBS,GHCND:USC00478905,",,0,0700",17
540,2000-11-09T00:00:00,PRCP,GHCND:USC00478919,",,0,0700",43
541,2000-11-09T00:00:00,SNOW,GHCND:USC00478919,"P,,0,",0
542,2000-11-09T00:00:00,SNWD,GHCND:USC00478919,"P,,0,",0
543,2000-11-09T00:00:00,TMAX,GHCND:USC00478919,",,0,0700",61
544,2000-11-09T00:00:00,TMIN,GHCND:USC00478919,",,0,0700",6
545,2000-11-09T00:00:00,TOBS,GHCND:USC00478919,",,0,0700",6
546,2000-11-09T00:00:00,PRCP,GHCND:USC00478932,"P,,0,0730",0
547,2000-11-09T00:00:00,SNOW,GHCND:USC00478932,"P,,0,",0
548,2000-11-09T00:00:00,SNWD,GHCND:USC00478932,"P,,0,",0
549,2000-11-09T00:00:00,PRCP,GHCND:USC00478937,",,0,0800",38
550,2000-11-09T00:00:00,SNOW,GHCND:USC00478937,"P,,0,",0
551,2000-11-09T00:00:00,SNWD,GHCND:USC00478937,"P,,0,",0
552,2000-11-09T00:00:00,TMAX,GHCND:USC00478937,",,0,0800",72
553,2000-11-09T00:00:00,TMIN,GHCND:USC00478937,",,0,0800",17
554,2000-11-09T00:00:00,TOBS,GHCND:USC00478937,",,0,0800",17
555,2000-11-09T00:00:00,PRCP,GHCND:USC00478978,",,0,0800",28
556,2000-11-09T00:00:00,SNOW,GHCND:USC00478978,"P,,0,",0
557,2000-11-09T00:00:00,SNWD,GHCND:USC00478978,"P,,0,",0
558,2000-11-09T00:00:00,PRCP,GHCND:USC00479012,"P,,0,0800",0
559,2000-11-09T00:00:00,SNOW,GHCND:USC00479012,"P,,0,",0
560,2000-11-09T00:00:00,SNWD,GHCND:USC00479012,"P,,0,",0
561,2000-11-09T00:00:00,PRCP,GHCND:USC00479046,",,0,0700",36
562,2000-11-09T00:00:00,SNOW,GHCND:USC00479046,"P,,0,",0
563,2000-11-09T00:00:00,SNWD,GHCND:USC00479046,"P,,0,",0
564,2000-11-09T00:00:00,TMAX,GHCND:USC00479046,",,0,0700",89
565,2000-11-09T00:00:00,TMIN,GHCND:USC00479046,",,0,0700",6
566,2000-11-09T00:00:00,PRCP,GHCND:USC00479050,",,0,1800",170
567,2000-11-09T00:00:00,SNOW,GHCND:USC00479050,"P,,0,",0
568,2000-11-09T00:00:00,SNWD,GHCND:USC00479050,"P,,0,",0
569,2000-11-09T00:00:00,TMAX,GHCND:USC00479050,",,0,1800",50
570,2000-11-09T00:00:00,TMIN,GHCND:USC00479050,",,0,1800",0
571,2000-11-09T00:00:00,TOBS,GHCND:USC00479050,",,0,1800",17
572,2000-11-09T00:00:00,PRCP,GHCND:USC00479062,"T,,0,0700",0
573,2000-11-09T00:00:00,SNOW,GHCND:USC00479062,"T,,0,",0
574,2000-11-09T00:00:00,SNWD,GHCND:USC00479062,",,0,",0
575,2000-11-09T00:00:00,PRCP,GHCND:USC00479144,"P,,0,1600",0
576,2000-11-09T00:00:00,SNOW,GHCND:USC00479144,"P,,0,",0
577,2000-11-09T00:00:00,SNWD,GHCND:USC00479144,"P,,0,",0
578,2000-11-09T00:00:00,TMAX,GHCND:USC00479144,",,0,1600",0
579,2000-11-09T00:00:00,TMIN,GHCND:USC00479144,",,0,1600",-33
580,2000-11-09T00:00:00,TOBS,GHCND:USC00479144,",,0,1600",-6
581,2000-11-09T00:00:00,PRCP,GHCND:USC00479176,"P,,0,0800",0
582,2000-11-09T00:00:00,SNOW,GHCND:USC00479176,"P,,0,",0
583,2000-11-09T00:00:00,SNWD,GHCND:USC00479176,"P,,0,",0
584,2000-11-09T00:00:00,PRCP,GHCND:USC00479236,"P,,0,0700",0
585,2000-11-09T00:00:00,SNOW,GHCND:USC00479236,"P,,0,",0
586,2000-11-09T00:00:00,SNWD,GHCND:USC00479236,"P,,0,",0
587,2000-11-09T00:00:00,TMAX,GHCND:USC00479236,",,0,0700",-11
588,2000-11-09T00:00:00,TMIN,GHCND:USC00479236,",,0,0700",-28
589,2000-11-09T00:00:00,TOBS,GHCND:USC00479236,",,0,0700",-22
590,2000-11-09T00:00:00,PRCP,GHCND:USC00479304,"P,,0,0600",0
591,2000-11-09T00:00:00,SNOW,GHCND:USC00479304,"P,,0,",0
592,2000-11-09T00:00:00,SNWD,GHCND:USC00479304,"P,,0,",0
593,2000-11-09T00:00:00,TMAX,GHCND:USC00479304,",,0,0600",0
594,2000-11-09T00:00:00,TMIN,GHCND:USC00479304,",,0,0600",-28
595,2000-11-09T00:00:00,TOBS,GHCND:USC00479304,",,0,0600",-11
596,2000-11-09T00:00:00,PRCP,GHCND:USC00479319,",,0,0700",38
597,2000-11-09T00:00:00,SNOW,GHCND:USC00479319,"T,,0,",0
598,2000-11-09T00:00:00,SNWD,GHCND:USC00479319,"T,,0,",0
599,2000-11-09T00:00:00,TMAX,GHCND:USC00479319,",,0,0700",33
600,2000-11-09T00:00:00,TMIN,GHCND:USC00479319,",,0,0700",-11
601,2000-11-09T00:00:00,PRCP,GHCND:USC00479335,"T,,0,2400",0
602,2000-11-09T00:00:00,SNOW,GHCND:USC00479335,"P,,0,",0
603,2000-11-09T00:00:00,SNWD,GHCND:USC00479335,"P,,0,",0
604,2000-11-09T00:00:00,TMAX,GHCND:USC00479335,",,0,2400",28
605,2000-11-09T00:00:00,TMIN,GHCND:USC00479335,",,0,2400",-17
606,2000-11-09T00:00:00,TOBS,GHCND:USC00479335,",,0,2400",11
607,2000-11-09T00:00:00,PRCP,GHCND:USC00479345,"P,,0,0600",0
608,2000-11-09T00:00:00,SNOW,GHCND:USC00479345,"P,,0,",0
609,2000-11-09T00:00:00,SNWD,GHCND:USC00479345,"P,,0,",0
610,2000-11-09T00:00:00,TAVG,GHCND:USR0000WANT,",,U,",-3
611,2000-11-09T00:00:00,TMAX,GHCND:USR0000WANT,"H,,U,",22
612,2000-11-09T00:00:00,TMIN,GHCND:USR0000WANT,"H,,U,",-22
613,2000-11-09T00:00:00,TAVG,GHCND:USR0000WAUG,",,U,",-2
614,2000-11-09T00:00:00,TMAX,GHCND:USR0000WAUG,"H,,U,",11
615,2000-11-09T00:00:00,TMIN,GHCND:USR0000WAUG,"H,,U,",-17
616,2000-11-09T00:00:00,TAVG,GHCND:USR0000WBRF,",,U,",4
617,2000-11-09T00:00:00,TMAX,GHCND:USR0000WBRF,"H,,U,",17
618,2000-11-09T00:00:00,TMIN,GHCND:USR0000WBRF,"H,,U,",-11
619,2000-11-09T00:00:00,TAVG,GHCND:USR0000WDDG,",,U,",-4
620,2000-11-09T00:00:00,TMAX,GHCND:USR0000WDDG,"H,,U,",6
621,2000-11-09T00:00:00,TMIN,GHCND:USR0000WDDG,"H,,U,",-11
622,2000-11-09T00:00:00,TAVG,GHCND:USR0000WGLI,",,U,",-8
623,2000-11-09T00:00:00,TMAX,GHCND:USR0000WGLI,"H,,U,",6
624,2000-11-09T00:00:00,TMIN,GHCND:USR0000WGLI,"H,,U,",-22
625,2000-11-09T00:00:00,AWND,GHCND:USW00004803,",,W,",27
626,2000-11-09T00:00:00,FMTM,GHCND:USW00004803,",,W,",2138
627,2000-11-09T00:00:00,PGTM,GHCND:USW00004803,",,W,",1727
628,2000-11-09T00:00:00,PRCP,GHCND:USW00004803,"T,,W,",0
629,2000-11-09T00:00:00,TAVG,GHCND:USW00004803,",,W,",-11
630,2000-11-09T00:00:00,TMAX,GHCND:USW00004803,",,W,",6
631,2000-11-09T00:00:00,TMIN,GHCND:USW00004803,",,W,",-28
632,2000-11-09T00:00:00,WDF2,GHCND:USW00004803,",,W,",300
633,2000-11-09T00:00:00,WDF5,GHCND:USW00004803,",,W,",360
634,2000-11-09T00:00:00,WSF2,GHCND:USW00004803,",,W,",54
635,2000-11-09T00:00:00,WSF5,GHCND:USW00004803,",,W,",76
636,2000-11-09T00:00:00,AWND,GHCND:USW00004826,",,W,",41
637,2000-11-09T00:00:00,FMTM,GHCND:USW00004826,",,W,",1559
638,2000-11-09T00:00:00,PGTM,GHCND:USW00004826,",,W,",1558
639,2000-11-09T00:00:00,PRCP,GHCND:USW00004826,",,W,",5
640,2000-11-09T00:00:00,TAVG,GHCND:USW00004826,",,W,",11
641,2000-11-09T00:00:00,TMAX,GHCND:USW00004826,",,W,",28
642,2000-11-09T00:00:00,TMIN,GHCND:USW00004826,",,W,",-11
643,2000-11-09T00:00:00,WDF2,GHCND:USW00004826,",,W,",340
644,2000-11-09T00:00:00,WDF5,GHCND:USW00004826,",,W,",330
645,2000-11-09T00:00:00,WSF2,GHCND:USW00004826,",,W,",72
646,2000-11-09T00:00:00,WSF5,GHCND:USW00004826,",,W,",94
647,2000-11-09T00:00:00,AWND,GHCND:USW00004840,",,W,",46
648,2000-11-09T00:00:00,FMTM,GHCND:USW00004840,",,W,",2313
649,2000-11-09T00:00:00,PGTM,GHCND:USW00004840,",,W,",2233
650,2000-11-09T00:00:00,PRCP,GHCND:USW00004840,",,W,",64
651,2000-11-09T00:00:00,TAVG,GHCND:USW00004840,",,W,",11
652,2000-11-09T00:00:00,TMAX,GHCND:USW00004840,",,W,",22
653,2000-11-09T00:00:00,TMIN,GHCND:USW00004840,",,W,",0
654,2000-11-09T00:00:00,WDF2,GHCND:USW00004840,",,W,",300
655,2000-11-09T00:00:00,WDF5,GHCND:USW00004840,",,W,",300
656,2000-11-09T00:00:00,WSF2,GHCND:USW00004840,",,W,",80
657,2000-11-09T00:00:00,WSF5,GHCND:USW00004840,",,W,",98
658,2000-11-09T00:00:00,AWND,GHCND:USW00004841,",,W,",50
659,2000-11-09T00:00:00,FMTM,GHCND:USW00004841,",,W,",1943
660,2000-11-09T00:00:00,PGTM,GHCND:USW00004841,",,W,",2052
661,2000-11-09T00:00:00,PRCP,GHCND:USW00004841,",,W,",97
662,2000-11-09T00:00:00,TAVG,GHCND:USW00004841,",,W,",17
663,2000-11-09T00:00:00,TMAX,GHCND:USW00004841,",,W,",28
664,2000-11-09T00:00:00,TMIN,GHCND:USW00004841,",,W,",0
665,2000-11-09T00:00:00,TSUN,GHCND:USW00004841,",,W,",0
666,2000-11-09T00:00:00,WDF2,GHCND:USW00004841,",,W,",330
667,2000-11-09T00:00:00,WDF5,GHCND:USW00004841,",,W,",320
668,2000-11-09T00:00:00,WSF2,GHCND:USW00004841,",,W,",80
669,2000-11-09T00:00:00,WSF5,GHCND:USW00004841,",,W,",103
670,2000-11-09T00:00:00,AWND,GHCND:USW00004845,",,W,",57
671,2000-11-09T00:00:00,FMTM,GHCND:USW00004845,",,W,",1736
672,2000-11-09T00:00:00,PGTM,GHCND:USW00004845,",,W,",1735
673,2000-11-09T00:00:00,PRCP,GHCND:USW00004845,",,W,",297
674,2000-11-09T00:00:00,TAVG,GHCND:USW00004845,",,W,",39
675,2000-11-09T00:00:00,TMAX,GHCND:USW00004845,",,W,",50
676,2000-11-09T00:00:00,TMIN,GHCND:USW00004845,",,W,",28
677,2000-11-09T00:00:00,TSUN,GHCND:USW00004845,",,W,",0
678,2000-11-09T00:00:00,WDF2,GHCND:USW00004845,",,W,",320
679,2000-11-09T00:00:00,WDF5,GHCND:USW00004845,",,W,",320
680,2000-11-09T00:00:00,WSF2,GHCND:USW00004845,",,W,",103
681,2000-11-09T00:00:00,WSF5,GHCND:USW00004845,",,W,",134
682,2000-11-09T00:00:00,AWND,GHCND:USW00014837,",,X,",43
683,2000-11-09T00:00:00,FMTM,GHCND:USW00014837,",,X,",817
684,2000-11-09T00:00:00,PGTM,GHCND:USW00014837,",,W,",2004
685,2000-11-09T00:00:00,PRCP,GHCND:USW00014837,",,0,2400",48
686,2000-11-09T00:00:00,SNOW,GHCND:USW00014837,"T,,0,",0
687,2000-11-09T00:00:00,SNWD,GHCND:USW00014837,",,0,",0
688,2000-11-09T00:00:00,TAVG,GHCND:USW00014837,",,W,",6
689,2000-11-09T00:00:00,TMAX,GHCND:USW00014837,",,0,2400",17
690,2000-11-09T00:00:00,TMIN,GHCND:USW00014837,",,0,2400",-6
691,2000-11-09T00:00:00,WDF2,GHCND:USW00014837,",,X,",10
692,2000-11-09T00:00:00,WDF5,GHCND:USW00014837,",,X,",310
693,2000-11-09T00:00:00,WESD,GHCND:USW00014837,",,0,",0
694,2000-11-09T00:00:00,WSF2,GHCND:USW00014837,",,X,",80
695,2000-11-09T00:00:00,WSF5,GHCND:USW00014837,",,X,",89
696,2000-11-09T00:00:00,WT01,GHCND:USW00014837,",,0,",1
697,2000-11-09T00:00:00,WT06,GHCND:USW00014837,",,0,",1
698,2000-11-09T00:00:00,WT13,GHCND:USW00014837,",,X,",1
699,2000-11-09T00:00:00,WT14,GHCND:USW00014837,",,X,",1
700,2000-11-09T00:00:00,WT15,GHCND:USW00014837,",,X,",1
701,2000-11-09T00:00:00,WT16,GHCND:USW00014837,",,0,",1
702,2000-11-09T00:00:00,WT18,GHCND:USW00014837,",,0,",1
703,2000-11-09T00:00:00,AWND,GHCND:USW00014839,",,X,",60
704,2000-11-09T00:00:00,FMTM,GHCND:USW00014839,",,X,",2011
705,2000-11-09T00:00:00,PGTM,GHCND:USW00014839,",,W,",1759
706,2000-11-09T00:00:00,PRCP,GHCND:USW00014839,",,0,2400",175
707,2000-11-09T00:00:00,SNOW,GHCND:USW00014839,"T,,0,",0
708,2000-11-09T00:00:00,SNWD,GHCND:USW00014839,",,0,",0
709,2000-11-09T00:00:00,TAVG,GHCND:USW00014839,",,W,",33
710,2000-11-09T00:00:00,TMAX,GHCND:USW00014839,",,0,2400",44
711,2000-11-09T00:00:00,TMIN,GHCND:USW00014839,",,0,2400",22
712,2000-11-09T00:00:00,WDF2,GHCND:USW00014839,",,X,",310
713,2000-11-09T00:00:00,WDF5,GHCND:USW00014839,",,X,",330
714,2000-11-09T00:00:00,WESD,GHCND:USW00014839,",,0,",0
715,2000-11-09T00:00:00,WSF2,GHCND:USW00014839,",,X,",98
716,2000-11-09T00:00:00,WSF5,GHCND:USW00014839,",,X,",116
717,2000-11-09T00:00:00,WT01,GHCND:USW00014839,",,0,",1
718,2000-11-09T00:00:00,WT13,GHCND:USW00014839,",,X,",1
719,2000-11-09T00:00:00,WT14,GHCND:USW00014839,",,X,",1
720,2000-11-09T00:00:00,WT16,GHCND:USW00014839,",,0,",1
721,2000-11-09T00:00:00,WT18,GHCND:USW00014839,",,0,",1
722,2000-11-09T00:00:00,AWND,GHCND:USW00014897,",,X,",38
723,2000-11-09T00:00:00,FMTM,GHCND:USW00014897,",,X,",2102
724,2000-11-09T00:00:00,PGTM,GHCND:USW00014897,",,W,",2101
725,2000-11-09T00:00:00,PRCP,GHCND:USW00014897,"T,,0,0700",0
726,2000-11-09T00:00:00,SNOW,GHCND:USW00014897,"P,,0,",0
727,2000-11-09T00:00:00,SNWD,GHCND:USW00014897,"P,,0,",0
728,2000-11-09T00:00:00,TAVG,GHCND:USW00014897,",,W,",6
729,2000-11-09T00:00:00,TMAX,GHCND:USW00014897,",,0,2400",22
730,2000-11-09T00:00:00,TMIN,GHCND:USW00014897,",,0,2400",-11
731,2000-11-09T00:00:00,TSUN,GHCND:USW00014897,",,W,",0
732,2000-11-09T00:00:00,WDF2,GHCND:USW00014897,",,X,",320
733,2000-11-09T00:00:00,WDF5,GHCND:USW00014897,",,X,",300
734,2000-11-09T00:00:00,WSF2,GHCND:USW00014897,",,X,",76
735,2000-11-09T00:00:00,WSF5,GHCND:USW00014897,",,X,",98
736,2000-11-09T00:00:00,WT16,GHCND:USW00014897,",,0,",1
737,2000-11-09T00:00:00,AWND,GHCND:USW00014898,",,X,",43
738,2000-11-09T00:00:00,FMTM,GHCND:USW00014898,",,X,",2305
739,2000-11-09T00:00:00,PGTM,GHCND:USW00014898,",,W,",2305
740,2000-11-09T00:00:00,PRCP,GHCND:USW00014898,",,0,2400",38
741,2000-11-09T00:00:00,SNOW,GHCND:USW00014898,",,0,",0
742,2000-11-09T00:00:00,SNWD,GHCND:USW00014898,",,0,",0
743,2000-11-09T00:00:00,TAVG,GHCND:USW00014898,",,W,",17
744,2000-11-09T00:00:00,TMAX,GHCND:USW00014898,",,0,2400",33
745,2000-11-09T00:00:00,TMIN,GHCND:USW00014898,",,0,2400",0
746,2000-11-09T00:00:00,TSUN,GHCND:USW00014898,",,X,",0
747,2000-11-09T00:00:00,WDF2,GHCND:USW00014898,",,X,",310
748,2000-11-09T00:00:00,WDF5,GHCND:USW00014898,",,X,",310
749,2000-11-09T00:00:00,WESD,GHCND:USW00014898,",,0,",0
750,2000-11-09T00:00:00,WSF2,GHCND:USW00014898,",,X,",76
751,2000-11-09T00:00:00,WSF5,GHCND:USW00014898,",,X,",98
752,2000-11-09T00:00:00,WT01,GHCND:USW00014898,",,0,",1
753,2000-11-09T00:00:00,WT06,GHCND:USW00014898,",,0,",1
754,2000-11-09T00:00:00,WT13,GHCND:USW00014898,",,X,",1
755,2000-11-09T00:00:00,WT16,GHCND:USW00014898,",,0,",1
756,2000-11-09T00:00:00,WT17,GHCND:USW00014898,",,X,",1
757,2000-11-09T00:00:00,WT19,GHCND:USW00014898,",,X,",1
758,2000-11-09T00:00:00,AWND,GHCND:USW00014920,",,X,",55
759,2000-11-09T00:00:00,FMTM,GHCND:USW00014920,",,X,",1910
760,2000-11-09T00:00:00,PGTM,GHCND:USW00014920,",,W,",1542
761,2000-11-09T00:00:00,PRCP,GHCND:USW00014920,"T,,0,2400",0
762,2000-11-09T00:00:00,SNOW,GHCND:USW00014920,"T,,0,",0
763,2000-11-09T00:00:00,SNWD,GHCND:USW00014920,",,0,",0
764,2000-11-09T00:00:00,TAVG,GHCND:USW00014920,",,W,",6
765,2000-11-09T00:00:00,TMAX,GHCND:USW00014920,",,0,2400",22
766,2000-11-09T00:00:00,TMIN,GHCND:USW00014920,",,0,2400",-11
767,2000-11-09T00:00:00,TSUN,GHCND:USW00014920,",,W,",0
768,2000-11-09T00:00:00,WDF2,GHCND:USW00014920,",,X,",340
769,2000-11-09T00:00:00,WDF5,GHCND:USW00014920,",,X,",340
770,2000-11-09T00:00:00,WSF2,GHCND:USW00014920,",,X,",89
771,2000-11-09T00:00:00,WSF5,GHCND:USW00014920,",,X,",103
772,2000-11-09T00:00:00,WT18,GHCND:USW00014920,",,0,",1
773,2000-11-09T00:00:00,AWND,GHCND:USW00014921,",,W,",34
774,2000-11-09T00:00:00,FMTM,GHCND:USW00014921,",,W,",2340
775,2000-11-09T00:00:00,PGTM,GHCND:USW00014921,",,W,",2340
776,2000-11-09T00:00:00,PRCP,GHCND:USW00014921,",,W,",64
777,2000-11-09T00:00:00,TAVG,GHCND:USW00014921,",,W,",11
778,2000-11-09T00:00:00,TMAX,GHCND:USW00014921,",,W,",28
779,2000-11-09T00:00:00,TMIN,GHCND:USW00014921,",,W,",-6
780,2000-11-09T00:00:00,WDF2,GHCND:USW00014921,",,W,",290
781,2000-11-09T00:00:00,WDF5,GHCND:USW00014921,",,W,",290
782,2000-11-09T00:00:00,WSF2,GHCND:USW00014921,",,W,",63
783,2000-11-09T00:00:00,WSF5,GHCND:USW00014921,",,W,",80
784,2000-11-09T00:00:00,AWND,GHCND:USW00014991,",,X,",36
785,2000-11-09T00:00:00,FMTM,GHCND:USW00014991,",,X,",2226
786,2000-11-09T00:00:00,PGTM,GHCND:USW00014991,",,W,",1637
787,2000-11-09T00:00:00,PRCP,GHCND:USW00014991,",,0,0700",0
788,2000-11-09T00:00:00,SNOW,GHCND:USW00014991,",,0,",0
789,2000-11-09T00:00:00,SNWD,GHCND:USW00014991,",,0,",0
790,2000-11-09T00:00:00,TAVG,GHCND:USW00014991,",,W,",0
791,2000-11-09T00:00:00,TMAX,GHCND:USW00014991,",,0,2400",11
792,2000-11-09T00:00:00,TMIN,GHCND:USW00014991,",,0,2400",-17
793,2000-11-09T00:00:00,TSUN,GHCND:USW00014991,",,W,",0
794,2000-11-09T00:00:00,WDF2,GHCND:USW00014991,",,X,",310
795,2000-11-09T00:00:00,WDF5,GHCND:USW00014991,",,X,",320
796,2000-11-09T00:00:00,WSF2,GHCND:USW00014991,",,X,",67
797,2000-11-09T00:00:00,WSF5,GHCND:USW00014991,",,X,",89
798,2000-11-09T00:00:00,PRCP,GHCND:USW00014995,"P,,0,0800",0
799,2000-11-09T00:00:00,SNOW,GHCND:USW00014995,"P,,0,",0
800,2000-11-09T00:00:00,SNWD,GHCND:USW00014995,",,0,",25
801,2000-11-09T00:00:00,TMAX,GHCND:USW00014995,",,0,0800",-11
802,2000-11-09T00:00:00,TMIN,GHCND:USW00014995,",,0,0800",-28
803,2000-11-09T00:00:00,TOBS,GHCND:USW00014995,",,0,0800",-22
804,2000-11-09T00:00:00,AWND,GHCND:USW00094818,",,W,",63
805,2000-11-09T00:00:00,FMTM,GHCND:USW00094818,",,W,",1125
806,2000-11-09T00:00:00,PGTM,GHCND:USW00094818,",,W,",1156
807,2000-11-09T00:00:00,PRCP,GHCND:USW00094818,",,W,",234
808,2000-11-09T00:00:00,TAVG,GHCND:USW00094818,",,W,",39
809,2000-11-09T00:00:00,TMAX,GHCND:USW00094818,",,W,",44
810,2000-11-09T00:00:00,TMIN,GHCND:USW00094818,",,W,",28
811,2000-11-09T00:00:00,TSUN,GHCND:USW00094818,",,W,",0
812,2000-11-09T00:00:00,WDF2,GHCND:USW00094818,",,W,",360
813,2000-11-09T00:00:00,WDF5,GHCND:USW00094818,",,W,",350
814,2000-11-09T00:00:00,WSF2,GHCND:USW00094818,",,W,",94
815,2000-11-09T00:00:00,WSF5,GHCND:USW00094818,",,W,",116
816,2000-11-09T00:00:00,AWND,GHCND:USW00094855,",,W,",49
817,2000-11-09T00:00:00,FMTM,GHCND:USW00094855,",,W,",2229
818,2000-11-09T00:00:00,PGTM,GHCND:USW00094855,",,W,",2229
819,2000-11-09T00:00:00,PRCP,GHCND:USW00094855,",,W,",38
820,2000-11-09T00:00:00,TAVG,GHCND:USW00094855,",,W,",17
821,2000-11-09T00:00:00,TMAX,GHCND:USW00094855,",,W,",28
822,2000-11-09T00:00:00,TMIN,GHCND:USW00094855,",,W,",0
823,2000-11-09T00:00:00,TSUN,GHCND:USW00094855,",,W,",0
824,2000-11-09T00:00:00,WDF2,GHCND:USW00094855,",,W,",330
825,2000-11-09T00:00:00,WDF5,GHCND:USW00094855,",,W,",330
826,2000-11-09T00:00:00,WSF2,GHCND:USW00094855,",,W,",80
827,2000-11-09T00:00:00,WSF5,GHCND:USW00094855,",,W,",98
828,2000-11-09T00:00:00,AWND,GHCND:USW00094929,",,W,",28
829,2000-11-09T00:00:00,FMTM,GHCND:USW00094929,",,W,",2124
830,2000-11-09T00:00:00,PGTM,GHCND:USW00094929,",,W,",2342
831,2000-11-09T00:00:00,PRCP,GHCND:USW00094929,"T,,W,",0
832,2000-11-09T00:00:00,TAVG,GHCND:USW00094929,",,W,",0
833,2000-11-09T00:00:00,TMAX,GHCND:USW00094929,",,W,",17
834,2000-11-09T00:00:00,TMIN,GHCND:USW00094929,",,W,",-17
835,2000-11-09T00:00:00,WDF2,GHCND:USW00094929,",,W,",280
836,2000-11-09T00:00:00,WDF5,GHCND:USW00094929,",,W,",270
837,2000-11-09T00:00:00,WSF2,GHCND:USW00094929,",,W,",45
838,2000-11-09T00:00:00,WSF5,GHCND:USW00094929,",,W,",58
839,2000-11-09T00:00:00,AWND,GHCND:USW00094973,",,W,",11
840,2000-11-09T00:00:00,FMTM,GHCND:USW00094973,",,W,",2339
841,2000-11-09T00:00:00,PGTM,GHCND:USW00094973,",,W,",2348
842,2000-11-09T00:00:00,PRCP,GHCND:USW00094973,",,W,",3
843,2000-11-09T00:00:00,TAVG,GHCND:USW00094973,",,W,",-11
844,2000-11-09T00:00:00,TMAX,GHCND:USW00094973,",,W,",0
845,2000-11-09T00:00:00,TMIN,GHCND:USW00094973,",,W,",-28
846,2000-11-09T00:00:00,WDF2,GHCND:USW00094973,",,W,",280
847,2000-11-09T00:00:00,WDF5,GHCND:USW00094973,",,W,",280
848,2000-11-09T00:00:00,WSF2,GHCND:USW00094973,",,W,",31
849,2000-11-09T00:00:00,WSF5,GHCND:USW00094973,",,W,",45
850,2000-11-09T00:00:00,AWND,GHCND:USW00094985,",,W,",48
851,2000-11-09T00:00:00,FMTM,GHCND:USW00094985,",,W,",1524
852,2000-11-09T00:00:00,PGTM,GHCND:USW00094985,",,W,",1522
853,2000-11-09T00:00:00,PRCP,GHCND:USW00094985,",,W,",0
854,2000-11-09T00:00:00,TAVG,GHCND:USW00094985,",,W,",0
855,2000-11-09T00:00:00,TMAX,GHCND:USW00094985,",,W,",17
856,2000-11-09T00:00:00,TMIN,GHCND:USW00094985,",,W,",-22
857,2000-11-09T00:00:00,WDF2,GHCND:USW00094985,",,W,",330
858,2000-11-09T00:00:00,WDF5,GHCND:USW00094985,",,W,",330
859,2000-11-09T00:00:00,WSF2,GHCND:USW00094985,",,W,",89
860,2000-11-09T00:00:00,WSF5,GHCND:USW00094985,",,W,",98
861,2000-11-09T00:00:00,AWND,GHCND:USW00094994,",,W,",35
862,2000-11-09T00:00:00,FMTM,GHCND:USW00094994,",,W,",1335
863,2000-11-09T00:00:00,PGTM,GHCND:USW00094994,",,W,",1807
864,2000-11-09T00:00:00,PRCP,GHCND:USW00094994,",,W,",53
865,2000-11-09T00:00:00,TAVG,GHCND:USW00094994,",,W,",17
866,2000-11-09T00:00:00,TMAX,GHCND:USW00094994,",,W,",39
867,2000-11-09T00:00:00,TMIN,GHCND:USW00094994,",,W,",-11
868,2000-11-09T00:00:00,WDF2,GHCND:USW00094994,",,W,",350
869,2000-11-09T00:00:00,WDF5,GHCND:USW00094994,",,W,",320
870,2000-11-09T00:00:00,WSF2,GHCND:USW00094994,",,W,",72
871,2000-11-09T00:00:00,WSF5,GHCND:USW00094994,",,W,",98
872,2000-11-10T00:00:00,PRCP,GHCND:USC00110203,",,0,0800",168
873,2000-11-10T00:00:00,SNOW,GHCND:USC00110203,"P,,0,",0
874,2000-11-10T00:00:00,SNWD,GHCND:USC00110203,"P,,0,",0
875,2000-11-10T00:00:00,TMAX,GHCND:USC00110203,",,0,0800",50
876,2000-11-10T00:00:00,TMIN,GHCND:USC00110203,",,0,0800",17
877,2000-11-10T00:00:00,TOBS,GHCND:USC00110203,",,0,0800",22
878,2000-11-10T00:00:00,PRCP,GHCND:USC00113312,"T,,0,0700",0
879,2000-11-10T00:00:00,SNOW,GHCND:USC00113312,"T,,0,",0
880,2000-11-10T00:00:00,SNWD,GHCND:USC00113312,"T,,0,",0
881,2000-11-10T00:00:00,WT06,GHCND:USC00113312,",,0,",1
882,2000-11-10T00:00:00,PRCP,GHCND:USC00204090,",,0,0800",18
883,2000-11-10T00:00:00,SNOW,GHCND:USC00204090,"P,,0,",0
884,2000-11-10T00:00:00,SNWD,GHCND:USC00204090,"P,,0,",0
885,2000-11-10T00:00:00,TMAX,GHCND:USC00204090,",,0,0800",39
886,2000-11-10T00:00:00,TMIN,GHCND:USC00204090,",,0,0800",-6
887,2000-11-10T00:00:00,TOBS,GHCND:USC00204090,",,0,0800",28
888,2000-11-10T00:00:00,PRCP,GHCND:USC00204104,",,0,",8
889,2000-11-10T00:00:00,SNOW,GHCND:USC00204104,",,0,",8
890,2000-11-10T00:00:00,SNWD,GHCND:USC00204104,"P,,0,",0
891,2000-11-10T00:00:00,TMAX,GHCND:USC00204104,",,0,",6
892,2000-11-10T00:00:00,TMIN,GHCND:USC00204104,",,0,",-28
893,2000-11-10T00:00:00,TOBS,GHCND:USC00204104,",,0,",0
894,2000-11-10T00:00:00,PRCP,GHCND:USC00214418,",,0,0800",0
895,2000-11-10T00:00:00,SNOW,GHCND:USC00214418,"P,,0,",0
896,2000-11-10T00:00:00,SNWD,GHCND:USC00214418,"P,,0,",0
897,2000-11-10T00:00:00,PRCP,GHCND:USC00215488,",,0,0700",0
898,2000-11-10T00:00:00,SNOW,GHCND:USC00215488,"P,,0,",0
899,2000-11-10T00:00:00,SNWD,GHCND:USC00215488,"P,,0,",0
900,2000-11-10T00:00:00,PRCP,GHCND:USC00216822,",,0,0600",0
901,2000-11-10T00:00:00,SNOW,GHCND:USC00216822,",,0,",0
902,2000-11-10T00:00:00,SNWD,GHCND:USC00216822,",,0,",0
903,2000-11-10T00:00:00,TMAX,GHCND:USC00216822,",,0,0600",11
904,2000-11-10T00:00:00,TMIN,GHCND:USC00216822,",,0,0600",-17
905,2000-11-10T00:00:00,TOBS,GHCND:USC00216822,",,0,0600",0
906,2000-11-10T00:00:00,PRCP,GHCND:USC00218037,",,0,0700",0
907,2000-11-10T00:00:00,SNOW,GHCND:USC00218037,"P,,0,",0
908,2000-11-10T00:00:00,SNWD,GHCND:USC00218037,"T,,0,",0
909,2000-11-10T00:00:00,TMAX,GHCND:USC00218037,",,0,1900",22
910,2000-11-10T00:00:00,TMIN,GHCND:USC00218037,",,0,1900",6
911,2000-11-10T00:00:00,TOBS,GHCND:USC00218037,",,0,1900",17
912,2000-11-10T00:00:00,PRCP,GHCND:USC00470045,",,0,0700",112
913,2000-11-10T00:00:00,SNOW,GHCND:USC00470045,"P,,0,",0
914,2000-11-10T00:00:00,SNWD,GHCND:USC00470045,"P,,0,",0
915,2000-11-10T00:00:00,TMAX,GHCND:USC00470045,",,0,0700",22
916,2000-11-10T00:00:00,TMIN,GHCND:USC00470045,",,0,0700",6
917,2000-11-10T00:00:00,TOBS,GHCND:USC00470045,",,0,0700",17
918,2000-11-10T00:00:00,PRCP,GHCND:USC00470124,",,0,0700",0
919,2000-11-10T00:00:00,SNOW,GHCND:USC00470124,",,0,",0
920,2000-11-10T00:00:00,SNWD,GHCND:USC00470124,",,0,",0
921,2000-11-10T00:00:00,TMAX,GHCND:USC00470124,",,0,1900",17
922,2000-11-10T00:00:00,TMIN,GHCND:USC00470124,",,0,1900",0
923,2000-11-10T00:00:00,TOBS,GHCND:USC00470124,",,0,1900",6
924,2000-11-10T00:00:00,PRCP,GHCND:USC00470175,"P,,0,0800",0
925,2000-11-10T00:00:00,SNOW,GHCND:USC00470175,"P,,0,",0
926,2000-11-10T00:00:00,SNWD,GHCND:USC00470175,"P,,0,",0
927,2000-11-10T00:00:00,TMAX,GHCND:USC00470175,",,0,0800",0
928,2000-11-10T00:00:00,TMIN,GHCND:USC00470175,",,0,0800",-28
929,2000-11-10T00:00:00,TOBS,GHCND:USC00470175,",,0,0800",-11
930,2000-11-10T00:00:00,PRCP,GHCND:USC00470239,"P,,0,0815",0
931,2000-11-10T00:00:00,SNOW,GHCND:USC00470239,"P,,0,",0
932,2000-11-10T00:00:00,SNWD,GHCND:USC00470239,"P,,0,",0
933,2000-11-10T00:00:00,TMAX,GHCND:USC00470239,",,0,0815",17
934,2000-11-10T00:00:00,TMIN,GHCND:USC00470239,",,0,0815",-28
935,2000-11-10T00:00:00,TOBS,GHCND:USC00470239,",,0,0815",6
936,2000-11-10T00:00:00,PRCP,GHCND:USC00470265,"P,,0,0900",0
937,2000-11-10T00:00:00,SNOW,GHCND:USC00470265,"P,,0,",0
938,2000-11-10T00:00:00,SNWD,GHCND:USC00470265,"P,,0,",0
939,2000-11-10T00:00:00,TMAX,GHCND:USC00470265,",,0,2400",67
940,2000-11-10T00:00:00,TMIN,GHCND:USC00470265,",,0,2400",-17
941,2000-11-10T00:00:00,TOBS,GHCND:USC00470265,",I,0,2400",-67
942,2000-11-10T00:00:00,PRCP,GHCND:USC00470273,",,0,0800",33
943,2000-11-10T00:00:00,SNOW,GHCND:USC00470273,"P,,0,",0
944,2000-11-10T00:00:00,SNWD,GHCND:USC00470273,"P,,0,",0
945,2000-11-10T00:00:00,TMAX,GHCND:USC00470273,",,0,0800",17
946,2000-11-10T00:00:00,TMIN,GHCND:USC00470273,",,0,0800",-6
947,2000-11-10T00:00:00,TOBS,GHCND:USC00470273,",,0,0800",11
948,2000-11-10T00:00:00,PRCP,GHCND:USC00470308,"P,,0,1630",0
949,2000-11-10T00:00:00,SNOW,GHCND:USC00470308,"P,,0,",0
950,2000-11-10T00:00:00,SNWD,GHCND:USC00470308,"P,,0,",0
951,2000-11-10T00:00:00,TMAX,GHCND:USC00470308,",,0,0800",72
952,2000-11-10T00:00:00,TMIN,GHCND:USC00470308,",,0,0800",-33
953,2000-11-10T00:00:00,TOBS,GHCND:USC00470308,",,0,0800",44
954,2000-11-10T00:00:00,PRCP,GHCND:USC00470349,"P,,0,0800",0
955,2000-11-10T00:00:00,SNOW,GHCND:USC00470349,"P,,0,",0
956,2000-11-10T00:00:00,SNWD,GHCND:USC00470349,"P,,0,",0
957,2000-11-10T00:00:00,TMAX,GHCND:USC00470349,",,0,0800",22
958,2000-11-10T00:00:00,TMIN,GHCND:USC00470349,",,0,0800",-11
959,2000-11-10T00:00:00,TOBS,GHCND:USC00470349,",,0,0800",11
960,2000-11-10T00:00:00,PRCP,GHCND:USC00470456,"P,,0,0800",0
961,2000-11-10T00:00:00,SNOW,GHCND:USC00470456,"P,,0,",0
962,2000-11-10T00:00:00,SNWD,GHCND:USC00470456,"P,,0,",0
963,2000-11-10T00:00:00,PRCP,GHCND:USC00470486,",,0,0700",0
964,2000-11-10T00:00:00,SNOW,GHCND:USC00470486,"P,,0,",0
965,2000-11-10T00:00:00,SNWD,GHCND:USC00470486,"P,,0,",0
966,2000-11-10T00:00:00,PRCP,GHCND:USC00470516,",,0,0800",23
967,2000-11-10T00:00:00,SNOW,GHCND:USC00470516,"P,,0,",0
968,2000-11-10T00:00:00,SNWD,GHCND:USC00470516,"P,,0,",0
969,2000-11-10T00:00:00,TMAX,GHCND:USC00470516,",,0,0800",56
970,2000-11-10T00:00:00,TMIN,GHCND:USC00470516,",,0,0800",-44
971,2000-11-10T00:00:00,TOBS,GHCND:USC00470516,",,0,0800",0
972,2000-11-10T00:00:00,PRCP,GHCND:USC00470603,",,0,0700",0
973,2000-11-10T00:00:00,SNOW,GHCND:USC00470603,"P,,0,",0
974,2000-11-10T00:00:00,SNWD,GHCND:USC00470603,"P,,0,",0
975,2000-11-10T00:00:00,TMAX,GHCND:USC00470603,",,0,0700",22
976,2000-11-10T00:00:00,TMIN,GHCND:USC00470603,",,0,0700",-11
977,2000-11-10T00:00:00,TOBS,GHCND:USC00470603,",,0,0700",17
978,2000-11-10T00:00:00,PRCP,GHCND:USC00470645,",,0,1700",23
979,2000-11-10T00:00:00,SNOW,GHCND:USC00470645,"P,,0,",0
980,2000-11-10T00:00:00,SNWD,GHCND:USC00470645,"P,,0,",0
981,2000-11-10T00:00:00,TMAX,GHCND:USC00470645,",,0,1700",17
982,2000-11-10T00:00:00,TMIN,GHCND:USC00470645,",,0,1700",-6
983,2000-11-10T00:00:00,TOBS,GHCND:USC00470645,",,0,1700",11
984,2000-11-10T00:00:00,PRCP,GHCND:USC00470696,",,0,0600",198
985,2000-11-10T00:00:00,SNOW,GHCND:USC00470696,"P,,0,",0
986,2000-11-10T00:00:00,SNWD,GHCND:USC00470696,"P,,0,",0
987,2000-11-10T00:00:00,TMAX,GHCND:USC00470696,",,0,0600",22
988,2000-11-10T00:00:00,TMIN,GHCND:USC00470696,",,0,0600",6
989,2000-11-10T00:00:00,TOBS,GHCND:USC00470696,",,0,0600",17
990,2000-11-10T00:00:00,PRCP,GHCND:USC00470773,"P,,0,0800",0
991,2000-11-10T00:00:00,SNOW,GHCND:USC00470773,"P,,0,",0
992,2000-11-10T00:00:00,SNWD,GHCND:USC00470773,"P,,0,",0
993,2000-11-10T00:00:00,TMAX,GHCND:USC00470773,",,0,0800",11
994,2000-11-10T00:00:00,TMIN,GHCND:USC00470773,",,0,0800",-39
995,2000-11-10T00:00:00,TOBS,GHCND:USC00470773,",,0,0800",-11
996,2000-11-10T00:00:00,PRCP,GHCND:USC00470855,",,0,0830",0
997,2000-11-10T00:00:00,SNOW,GHCND:USC00470855,"P,,0,",0
998,2000-11-10T00:00:00,SNWD,GHCND:USC00470855,"P,,0,",0
999,2000-11-10T00:00:00,PRCP,GHCND:USC00470882,",,0,0800",0
