Great Lakes + St. Clair Ice Cover,Percent of total cover
"""Source: National Ice Center"," Canadian Ice Service"""
Date,BasinCover
12/20/1972,14.29
12/28/1972,9.41
01/02/1973,12.07
01/09/1973,27.22
01/16/1973,21.56
01/23/1973,10.92
01/30/1973,23.99
02/06/1973,14.4
02/13/1973,35.8
02/20/1973,49.46
02/27/1973,62.54
03/06/1973,45.62
03/13/1973,22
03/21/1973,10.15
03/27/1973,3.96
04/06/1973,2.17
04/07/1973,0
12/30/1973,0
12/31/1973,9.33
01/10/1974,37.41
01/17/1974,31.96
01/23/1974,22.33
01/31/1974,19.07
02/07/1974,34.73
02/14/1974,56.74
02/21/1974,61.26
02/28/1974,57.48
03/07/1974,32.81
03/14/1974,41.35
03/21/1974,38.44
03/28/1974,39.74
04/04/1974,28.49
04/11/1974,15.38
04/18/1974,13.03
04/25/1974,6.75
05/02/1974,4.1
05/03/1974,0
01/01/1975,0
01/02/1975,1.72
01/09/1975,3.31
01/16/1975,11.26
01/23/1975,21.18
01/30/1975,23.1
02/06/1975,25.41
02/13/1975,52.01
02/20/1975,33.75
02/27/1975,26.72
03/06/1975,30.2
03/13/1975,24.54
03/20/1975,12.07
03/27/1975,12.45
04/03/1975,20.57
04/10/1975,11.36
04/17/1975,5.69
04/24/1975,4.64
04/25/1975,0
12/22/1975,0
12/23/1975,11.5
12/30/1975,13.03
01/06/1976,13.6
01/13/1976,27.11
01/20/1976,26.87
01/27/1976,36.41
02/03/1976,41.96
02/10/1976,38.03
02/17/1976,37.34
02/24/1976,24.91
03/02/1976,28.5
03/09/1976,32.43
03/16/1976,35.12
03/23/1976,21.29
03/30/1976,11.23
04/06/1976,8.96
04/13/1976,6.09
04/20/1976,1.61
04/21/1976,0
12/15/1976,0
12/16/1976,21.41
12/23/1976,24.85
12/30/1976,37.14
01/06/1977,46.19
01/12/1977,60.22
01/19/1977,72.15
01/26/1977,79.05
02/02/1977,79.09
02/09/1977,90.15
02/16/1977,86.21
02/23/1977,86.87
03/02/1977,83.45
03/09/1977,66.77
03/16/1977,62.6
03/23/1977,60.62
03/30/1977,48.08
04/06/1977,28.1
04/13/1977,21.14
04/20/1977,16.86
04/27/1977,8.38
05/04/1977,5.71
05/05/1977,0
12/20/1977,0
12/21/1977,8.35
12/28/1977,16.83
01/04/1978,20.4
01/11/1978,26.42
01/18/1978,46.04
01/25/1978,38.55
02/01/1978,43.54
02/08/1978,54.05
02/15/1978,59.25
02/22/1978,82.38
03/01/1978,83.72
03/08/1978,77.86
03/15/1978,76.79
03/22/1978,39.66
03/29/1978,37
04/05/1978,26.83
04/12/1978,18.59
04/19/1978,12.44
04/26/1978,8.7
05/03/1978,6.41
05/04/1978,0
12/17/1978,0
12/18/1978,7.58
12/25/1978,5.8
12/27/1978,11.11
01/01/1979,13.51
01/08/1979,32.62
01/15/1979,50.52
01/22/1979,49.6
01/29/1979,43.62
02/05/1979,66.66
02/12/1979,83.77
02/19/1979,94.85
02/26/1979,88.3
03/05/1979,76.58
03/12/1979,80.55
03/19/1979,61.48
03/26/1979,58.16
04/02/1979,36.15
04/09/1979,33.45
04/16/1979,22.49
04/23/1979,21.29
04/30/1979,16.8
05/07/1979,12.37
05/14/1979,7.76
05/15/1979,0
01/01/1980,0
01/02/1980,10.63
01/09/1980,10.53
01/16/1980,10.82
01/24/1980,14.16
01/30/1980,33.19
02/06/1980,56.9
02/13/1980,56.49
02/20/1980,54.1
02/27/1980,53.53
03/05/1980,66.78
03/12/1980,41.55
03/19/1980,32.21
03/26/1980,23.53
04/02/1980,26.54
04/09/1980,14.15
04/16/1980,8.07
04/17/1980,0
12/23/1980,0
12/24/1980,13.62
01/07/1981,50.77
01/14/1981,47.81
01/21/1981,49.55
01/28/1981,43.26
02/04/1981,72.83
02/11/1981,73.25
02/18/1981,67.23
02/25/1981,43.09
03/04/1981,48.71
03/11/1981,34
03/18/1981,27.46
03/25/1981,25.24
04/01/1981,19.48
04/08/1981,13.86
04/15/1981,7.53
04/16/1981,0
12/20/1981,0
12/21/1981,5.89
12/29/1981,6.75
01/04/1982,9.79
01/11/1982,23.72
01/18/1982,51.08
01/25/1982,49.11
02/02/1982,56.3
02/09/1982,72.35
02/17/1982,68.59
02/23/1982,60.23
03/03/1982,71.37
03/09/1982,76.63
03/17/1982,43.91
03/23/1982,42.06
03/29/1982,31.73
04/06/1982,27.49
04/13/1982,19.7
04/20/1982,13.28
04/26/1982,10.78
05/05/1982,8.7
05/12/1982,5.67
05/17/1982,5.06
05/18/1982,0
12/20/1982,0
12/21/1982,5.58
12/27/1982,5.79
01/03/1983,8.06
01/11/1983,6.32
01/18/1983,19.51
01/25/1983,21.16
02/01/1983,24.17
02/08/1983,24.52
02/14/1983,24.97
02/23/1983,22.88
03/01/1983,14.85
03/08/1983,12.76
03/15/1983,10.03
03/23/1983,11.24
03/30/1983,9.47
04/05/1983,7.34
04/12/1983,5.91
04/19/1983,5.81
04/26/1983,5.5
05/03/1983,5.3
05/04/1983,0
12/19/1983,0
12/20/1983,12.93
12/27/1983,18
01/03/1984,31.03
01/10/1984,24.2
01/18/1984,49.24
01/24/1984,33.38
02/01/1984,47.58
02/08/1984,66.88
02/15/1984,39.31
02/22/1984,26.9
02/29/1984,33.57
03/07/1984,65.9
03/15/1984,66.31
03/22/1984,44.68
03/24/1984,44.19
03/29/1984,32.37
04/05/1984,26.91
04/08/1984,21.51
04/12/1984,17.98
04/19/1984,11.4
04/26/1984,6.9
05/03/1984,1.88
05/04/1984,0
12/21/1984,0
12/22/1984,3.48
12/28/1984,12.19
01/05/1985,21.49
01/12/1985,28.35
01/19/1985,32.94
01/26/1985,40.11
02/02/1985,48.11
02/09/1985,66.97
02/16/1985,64.29
02/23/1985,71.5
03/02/1985,58.4
03/09/1985,58.55
03/16/1985,28.69
03/23/1985,31.11
03/30/1985,22.27
04/06/1985,11.51
04/13/1985,9.32
04/20/1985,7.9
04/27/1985,5.54
04/28/1985,0
12/13/1985,0
12/14/1985,8.2
12/21/1985,17.1
12/28/1985,24.46
01/04/1986,29.74
01/11/1986,23.25
01/18/1986,32.82
01/25/1986,37
02/01/1986,51.07
02/08/1986,50.33
02/15/1986,66.76
02/22/1986,77.74
03/01/1986,74.89
03/08/1986,70.5
03/15/1986,62.02
03/22/1986,50.64
03/29/1986,25.65
04/05/1986,19.74
04/12/1986,8.91
04/19/1986,5.4
04/23/1986,2.55
04/24/1986,0
12/26/1986,0
12/27/1986,6.7
01/03/1987,4.19
01/10/1987,2.07
01/17/1987,7.03
01/24/1987,19.41
02/01/1987,25.17
02/07/1987,16.31
02/14/1987,29.21
02/21/1987,28.55
02/28/1987,22.75
03/07/1987,12.59
03/14/1987,14.47
03/21/1987,7.92
03/28/1987,6.11
04/05/1987,7.15
04/06/1987,0
01/02/1988,0
01/03/1988,7.34
01/10/1988,35.25
01/17/1988,25.56
01/24/1988,20.78
01/31/1988,21.62
02/07/1988,46.42
02/14/1988,54.9
02/21/1988,55.86
02/28/1988,44.93
03/06/1988,44.27
03/13/1988,43.09
03/20/1988,40.46
03/27/1988,22.88
04/03/1988,12.75
04/10/1988,7.68
04/17/1988,4.11
04/18/1988,0
12/13/1988,0
12/14/1988,3.22
12/16/1988,3.57
12/19/1988,3.18
12/21/1988,2.88
12/23/1988,2.87
12/26/1988,4.91
12/28/1988,4.64
12/30/1988,6.52
01/02/1989,7.09
01/04/1989,8.38
01/06/1989,10.43
01/09/1989,10.9
01/11/1989,21.17
01/13/1989,19.78
01/16/1989,21.36
01/18/1989,21.57
01/20/1989,16.27
01/23/1989,15.88
01/25/1989,16.45
01/27/1989,21.28
01/30/1989,11.09
02/01/1989,11.19
02/03/1989,14.4
02/06/1989,22.54
02/08/1989,28.94
02/10/1989,29.06
02/13/1989,31.49
02/15/1989,28
02/17/1989,37.48
02/20/1989,33.33
02/22/1989,34.95
02/24/1989,40.92
02/27/1989,45.88
03/01/1989,42.75
03/03/1989,48.25
03/06/1989,54.68
03/08/1989,62.94
03/10/1989,58.79
03/13/1989,54.69
03/15/1989,56.76
03/17/1989,58.15
03/20/1989,54.56
03/22/1989,56.08
03/24/1989,57.03
03/27/1989,52.04
03/29/1989,45.63
03/31/1989,32.32
04/03/1989,28.81
04/05/1989,23
04/07/1989,24.28
04/10/1989,26.05
04/12/1989,22.37
04/14/1989,18.77
04/17/1989,12.27
04/19/1989,8.53
04/21/1989,7.55
04/24/1989,5.7
04/26/1989,3.84
04/28/1989,3.42
05/01/1989,1.83
05/03/1989,1.17
05/05/1989,0.44
05/08/1989,0.18
05/09/1989,0
12/12/1989,0
12/13/1989,3.88
12/15/1989,7.69
12/18/1989,10.04
12/20/1989,10.36
12/22/1989,14.29
12/25/1989,19.48
12/27/1989,25.52
12/29/1989,27.8
01/01/1990,25.15
01/03/1990,26.07
01/05/1990,23.1
01/08/1990,26.12
01/10/1990,25.15
01/12/1990,24.71
01/16/1990,25
01/17/1990,25.1
01/19/1990,22.11
01/22/1990,29.5
01/24/1990,26.31
01/26/1990,21.82
01/29/1990,18.45
01/31/1990,23.62
02/02/1990,22.55
02/05/1990,31.11
02/07/1990,29.41
02/09/1990,31.04
02/12/1990,22.78
02/14/1990,20.45
02/16/1990,23.15
02/19/1990,31.64
02/21/1990,28.67
02/23/1990,22.96
02/26/1990,38.96
02/28/1990,43.2
03/02/1990,41.97
03/05/1990,55.23
03/07/1990,59.75
03/09/1990,55.28
03/12/1990,48.92
03/14/1990,45.41
03/16/1990,29.2
03/19/1990,27.21
03/21/1990,15.12
03/23/1990,12.59
03/26/1990,15.41
03/28/1990,14.48
03/30/1990,10.47
04/02/1990,9.59
04/04/1990,6.73
04/06/1990,6.59
04/09/1990,4.69
04/11/1990,4.53
04/13/1990,4.43
04/16/1990,1.92
04/18/1990,1.92
04/20/1990,2.04
04/23/1990,1.96
04/25/1990,1.32
04/27/1990,0.39
04/28/1990,0
12/27/1990,0
12/28/1990,1.26
12/30/1990,2.4
01/02/1991,4.26
01/04/1991,4.25
01/07/1991,10.2
01/09/1991,13.31
01/11/1991,14.66
01/14/1991,21.51
01/16/1991,21.97
01/18/1991,19.61
01/21/1991,17.76
01/23/1991,21
01/25/1991,26.06
01/28/1991,35.11
01/30/1991,26.22
02/01/1991,43.8
02/04/1991,43.47
02/06/1991,20.44
02/08/1991,15.66
02/11/1991,12.47
02/13/1991,11.45
02/15/1991,21.85
02/18/1991,27.56
02/20/1991,26.67
02/22/1991,23.96
02/25/1991,41.32
02/27/1991,49.21
03/01/1991,48.46
03/04/1991,47.48
03/06/1991,44.5
03/08/1991,36.95
03/11/1991,39.6
03/13/1991,34.14
03/15/1991,27.21
03/18/1991,22.33
03/20/1991,20.93
03/22/1991,20.69
03/25/1991,11.98
03/27/1991,8.72
03/29/1991,7.29
04/01/1991,6.1
04/03/1991,5.02
04/05/1991,5.18
04/08/1991,4.55
04/10/1991,3.55
04/12/1991,2.36
04/15/1991,2.39
04/17/1991,2.32
04/19/1991,1.73
04/22/1991,0.91
04/24/1991,0.56
04/26/1991,0.44
04/29/1991,0.24
05/01/1991,0.16
05/02/1991,0
12/05/1991,0
12/06/1991,4.27
12/09/1991,3.69
12/11/1991,2.6
12/13/1991,1.83
12/16/1991,2.64
12/18/1991,3.59
12/20/1991,5.22
12/23/1991,4.51
12/24/1991,6.04
12/27/1991,5.76
12/30/1991,3.08
12/31/1991,4.18
01/03/1992,3.78
01/06/1992,3.05
01/08/1992,3.59
01/10/1992,4.53
01/13/1992,5.71
01/15/1992,6.59
01/17/1992,11.07
01/20/1992,13.66
01/22/1992,15.52
01/24/1992,17.19
01/27/1992,18.38
01/29/1992,27.34
01/31/1992,27.8
02/03/1992,41.43
02/05/1992,30.56
02/07/1992,29.35
02/10/1992,34.59
02/12/1992,33.28
02/14/1992,33.67
02/17/1992,33.62
02/19/1992,29.98
02/21/1992,21.26
02/24/1992,27.36
02/26/1992,23.81
02/28/1992,20.42
03/02/1992,27.59
03/04/1992,26.89
03/06/1992,15.77
03/09/1992,12.16
03/11/1992,11.1
03/13/1992,22.67
03/17/1992,36.96
03/18/1992,36.58
03/20/1992,31.53
03/23/1992,50.96
03/25/1992,38.99
03/27/1992,36.68
03/30/1992,20.88
04/01/1992,13.93
04/03/1992,16.78
04/06/1992,10.47
04/08/1992,7.27
04/10/1992,7.37
04/13/1992,5.06
04/15/1992,4.8
04/17/1992,4.71
04/20/1992,4.25
04/22/1992,3.4
04/24/1992,3.17
04/27/1992,2.22
04/29/1992,1.98
05/01/1992,1.71
05/04/1992,0.89
05/06/1992,0.32
05/08/1992,0.32
05/11/1992,0
12/13/1992,0
12/14/1992,0.34
12/16/1992,0.38
12/18/1992,0.41
12/21/1992,0.33
12/23/1992,0.68
12/25/1992,1.59
12/28/1992,5.68
12/30/1992,6.69
01/01/1993,6.31
01/04/1993,4.06
01/06/1993,4.62
01/08/1993,5.26
01/11/1993,9.86
01/13/1993,16.05
01/15/1993,16.56
01/18/1993,15.36
01/20/1993,16.4
01/22/1993,15.39
01/25/1993,15.22
01/27/1993,15.94
01/29/1993,14.42
02/01/1993,12.97
02/03/1993,13.62
02/05/1993,13.39
02/08/1993,17.96
02/10/1993,23.83
02/12/1993,25.68
02/15/1993,23.25
02/17/1993,24.13
02/19/1993,33.93
02/22/1993,49.97
02/24/1993,48.16
02/26/1993,58
03/01/1993,66.64
03/03/1993,40.24
03/05/1993,43.97
03/08/1993,37.4
03/10/1993,37.58
03/12/1993,27.59
03/15/1993,38.6
03/17/1993,32.68
03/19/1993,35.48
03/22/1993,44.63
03/24/1993,40.29
03/26/1993,40.14
03/29/1993,31.61
03/31/1993,24.01
04/02/1993,20.18
04/05/1993,12.91
04/07/1993,7.61
04/09/1993,6.55
04/12/1993,5.81
04/14/1993,4.92
04/16/1993,4.32
04/19/1993,3.52
04/21/1993,2.81
04/23/1993,2.32
04/26/1993,1.83
04/28/1993,1.04
04/30/1993,0.69
05/03/1993,0.47
05/05/1993,0.23
05/06/1993,0
12/02/1993,0
12/03/1993,0.55
12/06/1993,0.33
12/08/1993,0.56
12/10/1993,0.62
12/13/1993,0.67
12/15/1993,0.61
12/17/1993,0.57
12/20/1993,0.28
12/22/1993,0.48
12/27/1993,5.14
01/03/1994,17.12
01/05/1994,17.45
01/07/1994,20.72
01/10/1994,25.76
01/12/1994,26.44
01/17/1994,44.74
01/19/1994,42.9
01/21/1994,53.93
01/24/1994,52.29
01/26/1994,56.19
01/28/1994,53.99
01/31/1994,74.89
02/02/1994,82.08
02/04/1994,75.4
02/07/1994,85.52
02/09/1994,84.57
02/11/1994,90.64
02/14/1994,91.11
02/16/1994,83.67
02/21/1994,72.1
02/23/1994,73.15
02/25/1994,72.45
02/28/1994,82.63
03/02/1994,89.11
03/04/1994,87.82
03/07/1994,84.86
03/09/1994,68.81
03/11/1994,62.53
03/14/1994,64.78
03/16/1994,56.81
03/18/1994,55.89
03/21/1994,61.06
03/23/1994,53.48
03/25/1994,50.68
03/28/1994,41.1
03/30/1994,41.6
04/01/1994,39.77
04/04/1994,34.56
04/06/1994,29.92
04/08/1994,29.85
04/11/1994,26.31
04/13/1994,24.65
04/15/1994,24.05
04/18/1994,10.1
04/20/1994,9.48
04/22/1994,6.26
04/25/1994,3.83
04/27/1994,3.79
04/29/1994,3.85
05/02/1994,1.93
05/04/1994,1.79
05/06/1994,1.19
05/11/1994,0.7
05/13/1994,0.3
05/14/1994,0
12/08/1994,0
12/09/1994,0.22
12/12/1994,0.55
12/14/1994,0.62
12/16/1994,0.79
12/19/1994,0.69
12/21/1994,0.47
12/23/1994,0.38
12/26/1994,0.4
12/28/1994,0.34
12/30/1994,0.61
01/02/1995,0.59
01/04/1995,1.23
01/06/1995,9.55
01/09/1995,5.79
01/11/1995,9.72
01/13/1995,8.58
01/16/1995,5.93
01/18/1995,5.18
01/20/1995,5.13
01/23/1995,5.25
01/25/1995,7.1
01/27/1995,10.41
01/30/1995,10.04
02/01/1995,10.52
02/03/1995,10.9
02/06/1995,12.56
02/08/1995,25.89
02/10/1995,27.86
02/13/1995,30.68
02/15/1995,29.42
02/17/1995,29.11
02/20/1995,27.04
02/22/1995,20.14
02/24/1995,20.53
02/27/1995,24.41
03/01/1995,39.22
03/03/1995,35.7
03/06/1995,33.02
03/08/1995,27.81
03/10/1995,42.59
03/13/1995,32.51
03/15/1995,24.89
03/17/1995,26.66
03/20/1995,18.96
03/22/1995,11.02
03/24/1995,8.41
03/27/1995,6.29
03/29/1995,6.32
03/31/1995,5.25
04/03/1995,4.17
04/05/1995,3.61
04/07/1995,2.67
04/10/1995,2.44
04/12/1995,2.51
04/14/1995,2.54
04/19/1995,1.15
04/21/1995,0.64
04/24/1995,0.39
04/26/1995,0.44
04/28/1995,0.43
05/01/1995,0.37
05/03/1995,0.4
05/05/1995,0.19
05/08/1995,0.16
05/10/1995,0.02
05/11/1995,0
11/16/1995,0
11/17/1995,0.21
11/20/1995,0.19
11/22/1995,0.22
11/27/1995,0.36
11/29/1995,0.46
12/04/1995,0.47
12/06/1995,0.48
12/08/1995,1.89
12/11/1995,5.79
12/18/1995,7.61
12/22/1995,8.34
12/25/1995,8.47
12/27/1995,9.74
12/29/1995,10.92
01/01/1996,11.37
01/03/1996,12.62
01/05/1996,20.11
01/12/1996,35.64
01/15/1996,27.88
01/17/1996,31.46
01/19/1996,25.63
01/22/1996,38.28
01/24/1996,30.14
01/26/1996,26.05
01/29/1996,24.4
01/31/1996,36.73
02/02/1996,53.34
02/05/1996,82.01
02/07/1996,76.66
02/09/1996,63.18
02/12/1996,54.58
02/14/1996,56.54
02/16/1996,73.69
02/19/1996,78.73
02/21/1996,66.18
02/23/1996,60.91
02/26/1996,53.78
02/28/1996,64.36
03/01/1996,64.59
03/04/1996,76.3
03/06/1996,74.9
03/08/1996,82.98
03/11/1996,68.95
03/13/1996,66.66
03/18/1996,63.48
03/20/1996,69.65
03/22/1996,47.19
03/25/1996,34.3
03/27/1996,52.35
04/01/1996,53.21
04/03/1996,46.71
04/05/1996,35.49
04/08/1996,37.51
04/10/1996,33.64
04/12/1996,31.62
04/15/1996,21.45
04/17/1996,19.71
04/19/1996,19.98
04/22/1996,18.53
04/24/1996,15.4
04/26/1996,13.14
04/29/1996,8.61
05/01/1996,7.29
05/03/1996,5.8
05/06/1996,5.36
05/08/1996,5.1
05/10/1996,4.13
05/13/1996,2.81
05/15/1996,3.06
05/17/1996,1.84
05/20/1996,0.57
05/22/1996,0.39
05/24/1996,0.24
05/29/1996,0.07
05/31/1996,0.06
06/01/1996,0
11/25/1996,0
11/26/1996,0.34
11/29/1996,0.78
12/03/1996,0.57
12/06/1996,0.51
12/10/1996,0.57
12/13/1996,0.72
12/17/1996,0.36
12/20/1996,2.45
12/24/1996,2.67
12/27/1996,8.95
12/31/1996,6.87
01/03/1997,7.05
01/07/1997,7.33
01/10/1997,8.25
01/14/1997,17.75
01/17/1997,23.26
01/21/1997,34.01
01/24/1997,24.84
01/28/1997,41.59
01/31/1997,49.78
02/04/1997,41.58
02/07/1997,36.44
02/11/1997,48.17
02/14/1997,54.27
02/18/1997,59
02/21/1997,42.92
02/25/1997,53.19
02/28/1997,52.59
03/04/1997,41.27
03/07/1997,41.34
03/11/1997,40.52
03/14/1997,43.62
03/18/1997,48.94
03/21/1997,49.88
03/25/1997,50.48
03/28/1997,40.88
04/01/1997,36.84
04/04/1997,31.91
04/08/1997,23.24
04/11/1997,13.1
04/15/1997,12.78
04/18/1997,9.46
04/22/1997,8.72
04/25/1997,7.84
04/29/1997,7.24
05/02/1997,3.71
05/06/1997,1.27
05/09/1997,0.26
05/13/1997,0
12/01/1997,0
12/02/1997,0.16
12/05/1997,0.16
12/09/1997,0.16
12/12/1997,0.21
12/16/1997,0.17
12/19/1997,0.28
12/23/1997,0.76
12/26/1997,1.11
12/30/1997,1.42
01/02/1998,4.35
01/06/1998,2.52
01/09/1998,2.09
01/13/1998,5.05
01/16/1998,11.93
01/20/1998,11.1
01/23/1998,12.21
01/27/1998,13.37
01/30/1998,11.65
02/03/1998,11.06
02/06/1998,14.41
02/10/1998,12.46
02/13/1998,13.12
02/17/1998,9.64
02/20/1998,6.83
02/24/1998,6.53
02/27/1998,6.15
03/03/1998,5.14
03/06/1998,4.39
03/10/1998,3.52
03/13/1998,5.39
03/17/1998,6.99
03/20/1998,6.08
03/24/1998,4.52
03/27/1998,3.6
03/31/1998,1.83
04/03/1998,0.72
04/07/1998,1.08
04/10/1998,1.03
04/14/1998,0.43
04/17/1998,0.14
04/21/1998,0.03
04/24/1998,0
12/14/1998,0
12/15/1998,0.1
12/18/1998,0.08
12/25/1998,1.1
01/01/1999,4.37
01/08/1999,15.98
01/15/1999,26.32
01/22/1999,16.4
01/29/1999,14.98
02/05/1999,11.78
02/12/1999,10.34
02/19/1999,12.79
02/26/1999,20.47
03/05/1999,12.28
03/12/1999,16.23
03/19/1999,9
03/26/1999,5.41
04/02/1999,3.7
04/09/1999,2.02
04/16/1999,0.67
04/23/1999,0.48
04/30/1999,0.4
05/01/1999,0
12/02/1999,0
12/03/1999,0.01
12/10/1999,0.02
12/17/1999,0.49
12/24/1999,2.11
12/31/1999,5.29
01/07/2000,5.19
01/14/2000,9.25
01/21/2000,19.05
01/28/2000,31.8
02/04/2000,23.71
02/11/2000,23.26
02/18/2000,35.03
02/25/2000,23.73
03/03/2000,9.05
03/10/2000,5.47
03/17/2000,4.44
03/24/2000,2.66
03/31/2000,1.3
04/07/2000,0.37
04/14/2000,0.19
04/21/2000,0.07
04/28/2000,0
11/30/2000,0
12/01/2000,0.14
12/05/2000,0.5
12/07/2000,1.25
12/11/2000,4.24
12/14/2000,4.54
12/21/2000,6.83
12/25/2000,16.72
12/28/2000,16.41
01/01/2001,24.57
01/04/2001,21.12
01/08/2001,24.96
01/11/2001,21.82
01/15/2001,25.65
01/18/2001,18.3
01/22/2001,27.39
01/25/2001,21.98
01/29/2001,26.21
02/01/2001,23.21
02/05/2001,26.06
02/08/2001,24.29
02/12/2001,34.3
02/15/2001,31.06
02/19/2001,31.54
02/22/2001,33.32
02/26/2001,25.22
03/01/2001,34.26
03/05/2001,32.82
03/08/2001,34.26
03/12/2001,32.61
03/15/2001,23.16
03/19/2001,30.03
03/22/2001,20.58
03/26/2001,17.59
03/29/2001,19.6
04/02/2001,13.41
04/05/2001,13.75
04/09/2001,10.17
04/12/2001,7.13
04/16/2001,4.43
04/19/2001,2.41
04/23/2001,1.12
04/26/2001,0.67
04/30/2001,0.56
05/03/2001,0.41
05/04/2001,0
12/02/2001,0
12/03/2001,0.01
12/07/2001,0
12/10/2001,0.05
12/13/2001,0.22
12/17/2001,0.45
12/20/2001,0.51
12/24/2001,0.34
12/27/2001,1.57
12/31/2001,2.17
01/03/2002,4.63
01/07/2002,4.3
01/10/2002,5.83
01/14/2002,2.41
01/17/2002,3.11
01/21/2002,5.8
01/24/2002,3.51
01/28/2002,4.19
01/31/2002,5.65
02/04/2002,6.79
02/07/2002,6.89
02/11/2002,9.67
02/14/2002,8.15
02/18/2002,9.84
02/21/2002,6.73
02/25/2002,6.42
02/28/2002,7.21
03/04/2002,12.06
03/07/2002,12.27
03/11/2002,8.56
03/14/2002,9.81
03/18/2002,10.89
03/21/2002,7.82
03/25/2002,11.76
03/28/2002,8.82
04/01/2002,5.05
04/04/2002,4.51
04/08/2002,4.37
04/11/2002,4.01
04/15/2002,3.23
04/18/2002,2.53
04/22/2002,1.01
04/25/2002,0.58
04/29/2002,0.42
05/02/2002,0.22
05/09/2002,0
12/01/2002,0
12/02/2002,0.63
12/05/2002,2.15
12/09/2002,2.09
12/12/2002,1.84
12/16/2002,2.01
12/19/2002,1.74
12/23/2002,2.05
12/26/2002,2.31
12/30/2002,3.33
01/02/2003,4.17
01/06/2003,8.31
01/09/2003,6.69
01/13/2003,12.12
01/16/2003,16.34
01/20/2003,23.69
01/23/2003,27.95
01/27/2003,35.28
01/30/2003,36.91
02/03/2003,36.48
02/06/2003,37.35
02/10/2003,37.68
02/13/2003,46.23
02/17/2003,75.85
02/20/2003,60.51
02/24/2003,65.83
02/27/2003,79.44
03/03/2003,80.17
03/10/2003,79.62
03/13/2003,73.14
03/17/2003,69.31
03/20/2003,64.19
03/24/2003,59.54
03/27/2003,57.86
03/31/2003,33.75
04/03/2003,38.62
04/07/2003,30.79
04/10/2003,27.94
04/14/2003,14.96
04/21/2003,6.01
04/24/2003,5.41
04/28/2003,3.21
05/01/2003,2.5
05/05/2003,1.11
05/08/2003,0.53
05/12/2003,0.18
05/15/2003,0.23
05/19/2003,0.1
05/22/2003,0.1
05/26/2003,0.09
05/29/2003,0.04
05/30/2003,0
11/30/2003,0
12/01/2003,0.14
12/03/2003,0.37
12/08/2003,0.33
12/11/2003,0.59
12/15/2003,1.5
12/18/2003,1.89
12/22/2003,1.98
12/25/2003,2.94
12/29/2003,2.03
01/01/2004,2.21
01/05/2004,2.41
01/08/2004,11.34
01/12/2004,12.28
01/15/2004,19.66
01/19/2004,18.71
01/22/2004,24.54
01/26/2004,38.66
01/29/2004,42.11
02/02/2004,48.16
02/05/2004,45.84
02/09/2004,44.8
02/12/2004,46.43
02/16/2004,40.54
02/19/2004,51.87
02/23/2004,32.71
02/26/2004,38.57
03/01/2004,33.19
03/04/2004,27.75
03/08/2004,21.44
03/11/2004,21.1
03/15/2004,15.95
03/18/2004,20.83
03/22/2004,13.87
03/25/2004,13.67
03/29/2004,11.32
04/01/2004,11.56
04/05/2004,6.11
04/08/2004,5.28
04/12/2004,4.79
04/15/2004,3.95
04/19/2004,2.47
04/22/2004,1.55
04/26/2004,0.63
04/29/2004,0.39
05/03/2004,0.04
05/06/2004,0
12/01/2004,0
12/02/2004,0.13
12/06/2004,0.18
12/09/2004,0.23
12/13/2004,0.33
12/16/2004,1.08
12/20/2004,3.86
12/23/2004,5.78
12/27/2004,9.9
12/30/2004,8.82
01/03/2005,5.87
01/06/2005,9.73
01/10/2005,10.28
01/13/2005,10.86
01/17/2005,16.91
01/20/2005,22.4
01/24/2005,34.19
01/27/2005,34.82
01/31/2005,36.28
02/03/2005,34.8
02/07/2005,25.27
02/10/2005,23.19
02/14/2005,22.97
02/17/2005,20.73
02/21/2005,31.45
02/24/2005,37.01
02/28/2005,35.34
03/03/2005,38.3
03/07/2005,34.39
03/10/2005,40.95
03/14/2005,42.62
03/17/2005,45.1
03/21/2005,28.24
03/24/2005,27.26
03/28/2005,21.57
03/31/2005,20.97
04/04/2005,8.79
04/07/2005,7.35
04/11/2005,4.99
04/14/2005,3.59
04/18/2005,2.8
04/21/2005,1.39
04/25/2005,0.2
04/28/2005,0.05
05/02/2005,0.02
05/05/2005,0
05/09/2005,0
11/27/2005,0
11/28/2005,0.18
12/01/2005,0.26
12/05/2005,0.52
12/08/2005,2.47
12/12/2005,2.82
12/15/2005,5.14
12/20/2005,4.13
12/22/2005,6.6
12/26/2005,6.36
12/29/2005,4.81
01/02/2006,6.06
01/05/2006,4.31
01/09/2006,6.89
01/12/2006,4.82
01/16/2006,5.51
01/19/2006,7.16
01/23/2006,6.53
01/26/2006,6.75
01/30/2006,6.5
02/02/2006,6.77
02/06/2006,5.64
02/09/2006,12.07
02/13/2006,12.89
02/16/2006,12.22
02/20/2006,15.81
02/23/2006,15.02
02/27/2006,16.21
03/02/2006,21.46
03/06/2006,18.66
03/09/2006,17.73
03/13/2006,12.05
03/16/2006,7.3
03/20/2006,7.38
03/23/2006,6.55
03/27/2006,5.8
03/30/2006,6.04
04/03/2006,3.8
04/06/2006,3.19
04/10/2006,2.21
04/13/2006,1.93
04/17/2006,0.84
04/20/2006,0.45
04/24/2006,0.13
04/27/2006,0.03
05/01/2006,0.01
05/04/2006,0
12/03/2006,0
12/04/2006,0.22
12/07/2006,0.55
12/11/2006,0.83
12/14/2006,0.61
12/18/2006,0.43
12/21/2006,0.51
12/25/2006,0.7
12/28/2006,0.62
01/01/2007,0.82
01/04/2007,0.54
01/08/2007,0.3
01/11/2007,0.86
01/15/2007,1.7
01/18/2007,5.75
01/22/2007,8.99
01/25/2007,10.62
01/29/2007,15.51
02/01/2007,19.55
02/05/2007,25.73
02/08/2007,30.11
02/12/2007,36.87
02/15/2007,48.57
02/19/2007,46.97
02/22/2007,37.22
02/26/2007,32.69
03/01/2007,34.87
03/05/2007,30.22
03/08/2007,56.15
03/12/2007,30.13
03/15/2007,23.17
03/19/2007,21.04
03/22/2007,21.66
03/26/2007,14.91
03/29/2007,13.49
04/02/2007,9.07
04/05/2007,5.62
04/09/2007,3.74
04/12/2007,3.63
04/16/2007,2.03
04/19/2007,1.64
04/23/2007,1.25
04/26/2007,0.74
04/30/2007,0.26
05/03/2007,0.14
05/07/2007,0.03
05/10/2007,0
11/25/2007,0
11/26/2007,0.03
11/29/2007,0.08
12/03/2007,0.92
12/06/2007,2.69
12/10/2007,2.53
12/13/2007,3.28
12/17/2007,5.47
12/20/2007,4.15
12/24/2007,3.74
12/27/2007,4.72
12/31/2007,4.71
01/03/2008,6.08
01/07/2008,4.44
01/10/2008,3.53
01/14/2008,4.04
01/17/2008,5.31
01/21/2008,15.37
01/24/2008,14.69
01/28/2008,18.81
01/31/2008,17.55
02/04/2008,21.52
02/07/2008,20.36
02/11/2008,29.32
02/14/2008,33.88
02/18/2008,24.36
02/21/2008,39.31
02/25/2008,37.23
02/28/2008,39.16
03/03/2008,38.5
03/06/2008,39.63
03/10/2008,54.74
03/13/2008,45.25
03/17/2008,44.21
03/19/2008,37.61
03/20/2008,31.77
03/25/2008,27.35
03/26/2008,21.5
03/27/2008,20.28
04/01/2008,17.12
04/02/2008,13.7
04/03/2008,13.56
04/08/2008,9.47
04/09/2008,8.53
04/10/2008,7.85
04/15/2008,5.26
04/16/2008,5.55
04/17/2008,4.69
04/21/2008,3.41
04/24/2008,1.46
04/28/2008,0.7
05/01/2008,0.57
05/05/2008,0.5
05/08/2008,0.36
05/12/2008,0.17
05/15/2008,0
12/07/2008,0
12/08/2008,2.59
12/11/2008,2.82
12/15/2008,5.11
12/18/2008,6.74
12/22/2008,11.23
12/25/2008,12.5
12/29/2008,7.36
01/01/2009,10.12
01/05/2009,15.16
01/08/2009,17.26
01/12/2009,23.75
01/15/2009,37.52
01/19/2009,43.96
01/22/2009,39.47
01/26/2009,51.89
01/29/2009,58.67
02/02/2009,45.9
02/05/2009,64.96
02/09/2009,49.51
02/12/2009,44.65
02/16/2009,56.6
02/19/2009,51.88
02/23/2009,59.01
02/26/2009,59.91
03/02/2009,74.5
03/05/2009,68.3
03/10/2009,56.95
03/12/2009,53.07
03/17/2009,43.34
03/19/2009,35.01
03/24/2009,32.84
03/26/2009,24.35
03/31/2009,20.44
04/01/2009,18.85
04/02/2009,14.02
04/07/2009,10.06
04/09/2009,7.87
04/14/2009,8.62
04/16/2009,7.23
04/20/2009,4.24
04/23/2009,2.58
04/27/2009,1.66
04/30/2009,1.21
05/04/2009,0.32
05/07/2009,0.08
05/08/2009,0
12/06/2009,0
12/07/2009,0.16
12/09/2009,0.14
12/14/2009,1.55
12/17/2009,3.41
12/21/2009,3.44
12/24/2009,3.45
12/28/2009,2.74
12/31/2009,5.44
01/05/2010,11.21
01/06/2010,11.72
01/07/2010,12.55
01/09/2010,11.63
01/10/2010,11.46
01/12/2010,17.13
01/13/2010,16.44
01/14/2010,16.07
01/19/2010,10.62
01/21/2010,13.6
01/25/2010,10.08
01/28/2010,14.52
02/01/2010,20.6
02/04/2010,27.38
02/08/2010,29.15
02/15/2010,28.41
02/18/2010,24.6
02/22/2010,26.06
02/25/2010,19.51
03/01/2010,15.9
03/04/2010,18.01
03/09/2010,15.41
03/10/2010,15.2
03/11/2010,15
03/13/2010,15.81
03/14/2010,15.82
03/16/2010,9.05
03/17/2010,8.99
03/18/2010,9.12
03/23/2010,5.29
03/24/2010,4.8
03/25/2010,4.4
03/30/2010,3.38
04/01/2010,2.89
04/05/2010,1.11
04/08/2010,1.04
04/12/2010,0.13
04/15/2010,0.11
04/16/2010,0
12/01/2010,0
12/02/2010,0.13
12/07/2010,0.39
12/09/2010,1.68
12/14/2010,2.63
12/16/2010,6.55
12/17/2010,5.97
12/18/2010,8.06
12/19/2010,6.03
12/20/2010,7.09
12/21/2010,9.16
12/22/2010,7.63
12/23/2010,6.6
12/24/2010,5.73
12/25/2010,5.81
12/26/2010,6.13
12/27/2010,5.62
12/28/2010,8.79
12/29/2010,8.24
12/30/2010,9.7
12/31/2010,8.94
01/01/2011,8.1
01/02/2011,7.4
01/03/2011,6.2
01/04/2011,8.97
01/05/2011,6.18
01/06/2011,9.37
01/07/2011,8.56
01/08/2011,9.55
01/09/2011,11.56
01/10/2011,14.52
01/11/2011,17.61
01/12/2011,16.47
01/13/2011,16.29
01/14/2011,18.37
01/15/2011,19.88
01/16/2011,18.77
01/17/2011,22.02
01/18/2011,22.41
01/19/2011,20
01/20/2011,24.34
01/21/2011,25.09
01/22/2011,25.39
01/23/2011,28.49
01/24/2011,33.43
01/25/2011,33.21
01/26/2011,26.99
01/27/2011,28.93
01/28/2011,26.73
01/29/2011,28.29
01/30/2011,31.1
01/31/2011,34.38
02/01/2011,37.39
02/02/2011,37.48
02/03/2011,34.56
02/04/2011,31.46
02/05/2011,27.75
02/06/2011,26.26
02/07/2011,28.7
02/08/2011,30.33
02/09/2011,31.23
02/10/2011,32.25
02/11/2011,37.93
02/12/2011,40.1
02/13/2011,35.62
02/14/2011,24.89
02/15/2011,22.35
02/16/2011,27.49
02/17/2011,25.55
02/18/2011,22.43
02/19/2011,15.96
02/20/2011,18.04
02/21/2011,24.09
02/22/2011,27.54
02/23/2011,35.28
02/24/2011,37.02
02/25/2011,31.38
02/26/2011,28.84
02/27/2011,32.65
02/28/2011,34.56
03/01/2011,35.92
03/02/2011,28.53
03/03/2011,30.97
03/04/2011,32.68
03/05/2011,32.71
03/06/2011,30.3
03/07/2011,34.35
03/08/2011,34.65
03/09/2011,33.72
03/10/2011,27.64
03/11/2011,25.45
03/12/2011,24.59
03/13/2011,24.6
03/14/2011,20.51
03/15/2011,26.58
03/16/2011,20.98
03/17/2011,21.44
03/18/2011,22.27
03/19/2011,22.5
03/20/2011,16.47
03/21/2011,18.82
03/22/2011,15.7
03/23/2011,12.84
03/24/2011,11.76
03/25/2011,17.3
03/26/2011,18.75
03/27/2011,16.81
03/28/2011,17.72
03/29/2011,18.72
03/30/2011,19.87
03/31/2011,21.98
04/01/2011,21.59
04/02/2011,23.62
04/03/2011,17.67
04/04/2011,8.58
04/05/2011,7.29
04/06/2011,6.15
04/07/2011,6.86
04/08/2011,5.6
04/09/2011,5.82
04/10/2011,6.22
04/11/2011,4.2
04/12/2011,3.01
04/13/2011,2.88
04/14/2011,2.73
04/15/2011,2.21
04/16/2011,1.97
04/17/2011,1.33
04/18/2011,0.74
04/19/2011,1.98
04/20/2011,0.66
04/21/2011,0.62
04/22/2011,0.6
04/23/2011,0.62
04/24/2011,0.5
04/25/2011,0.45
04/26/2011,0.43
04/27/2011,0.39
04/28/2011,0.38
04/29/2011,0.63
04/30/2011,0.35
05/01/2011,0.35
05/02/2011,0.35
05/03/2011,0.36
05/04/2011,0.27
05/05/2011,0.2
05/06/2011,0.16
05/09/2011,0.12
05/10/2011,0.09
05/11/2011,0
05/12/2011,0
05/13/2011,0
11/28/2011,0
11/29/2011,0.37
12/01/2011,0.02
12/02/2011,0.06
12/03/2011,0.04
12/04/2011,0.04
12/05/2011,0.14
12/06/2011,0.27
12/07/2011,0.23
12/08/2011,0.23
12/09/2011,0.22
12/10/2011,0.26
12/11/2011,0.34
12/12/2011,0.59
12/13/2011,0.53
12/14/2011,0.41
12/15/2011,0.45
12/16/2011,0.38
12/17/2011,0.54
12/18/2011,0.55
12/19/2011,0.39
12/20/2011,0.38
12/21/2011,0.36
12/22/2011,0.33
12/23/2011,0.33
12/24/2011,0.53
12/25/2011,0.52
12/26/2011,0.45
12/27/2011,0.64
12/28/2011,0.79
12/29/2011,1.54
12/30/2011,1.82
12/31/2011,1.94
01/01/2012,1.81
01/02/2012,1.46
01/03/2012,3.56
01/04/2012,3.12
01/05/2012,3.02
01/06/2012,2.68
01/07/2012,2.24
01/08/2012,2.27
01/09/2012,2.11
01/10/2012,1.81
01/11/2012,1.77
01/12/2012,1.88
01/13/2012,2.6
01/14/2012,2.87
01/15/2012,3.65
01/16/2012,5.37
01/17/2012,3.99
01/18/2012,5.78
01/19/2012,6.35
01/20/2012,11.28
01/21/2012,12.32
01/22/2012,12.89
01/23/2012,9.77
01/24/2012,7.62
01/25/2012,7.78
01/26/2012,11.29
01/27/2012,6.22
01/28/2012,5.28
01/29/2012,4.74
01/30/2012,6.99
01/31/2012,8.54
02/01/2012,6.45
02/02/2012,6.17
02/03/2012,6.14
02/04/2012,6.13
02/05/2012,6.51
02/06/2012,5.48
02/07/2012,5.26
02/08/2012,5.48
02/09/2012,5.15
02/10/2012,4.92
02/11/2012,5.73
02/12/2012,7.77
02/13/2012,9.2
02/14/2012,8.24
02/15/2012,7.88
02/16/2012,7.12
02/17/2012,6.58
02/18/2012,5.75
02/19/2012,5.46
02/20/2012,6.88
02/21/2012,7.06
02/22/2012,5.55
02/23/2012,4.65
02/24/2012,4.59
02/25/2012,4.57
02/26/2012,4.57
02/27/2012,6.27
02/28/2012,6.08
02/29/2012,5.93
03/01/2012,5.15
03/02/2012,6.22
03/03/2012,5.22
03/04/2012,6.22
03/05/2012,10.6
03/06/2012,8.35
03/07/2012,5.04
03/08/2012,4.43
03/09/2012,3.84
03/10/2012,3.92
03/11/2012,4.41
03/12/2012,3.64
03/13/2012,3.28
03/14/2012,2.91
03/15/2012,2.88
03/16/2012,3.12
03/17/2012,3.45
03/18/2012,2.97
03/19/2012,2.2
03/20/2012,1.98
03/21/2012,1.86
03/22/2012,1.65
03/23/2012,1.58
03/24/2012,1.02
03/25/2012,0.91
03/26/2012,0.4
03/27/2012,0.45
03/28/2012,0.36
03/29/2012,0.35
03/30/2012,0.35
03/31/2012,0.3
04/01/2012,0.3
04/02/2012,0.28
04/03/2012,0.28
04/04/2012,0.22
04/05/2012,0.23
04/06/2012,0.2
04/07/2012,0.23
04/08/2012,0.21
04/09/2012,0.1
04/10/2012,0.03
04/11/2012,0
04/12/2012,0
04/13/2012,0
11/28/2012,0
11/29/2012,0.37
12/04/2012,0.17
12/05/2012,0.16
12/06/2012,0.22
12/07/2012,0.24
12/08/2012,0.19
12/09/2012,0.41
12/10/2012,0.44
12/11/2012,0.31
12/12/2012,0.36
12/13/2012,0.38
12/14/2012,0.4
12/15/2012,0.7
12/16/2012,0.73
12/17/2012,0.56
12/18/2012,0.31
12/19/2012,0.39
12/20/2012,0.44
12/21/2012,0.48
12/22/2012,0.45
12/23/2012,0.48
12/24/2012,0.54
12/25/2012,0.91
12/26/2012,1.28
12/27/2012,1.52
12/28/2012,1.76
12/29/2012,2.6
12/30/2012,2.49
12/31/2012,2.72
01/01/2013,2.29
01/02/2013,2.87
01/03/2013,4.02
01/04/2013,3.46
01/05/2013,4.13
01/06/2013,4.46
01/07/2013,3.42
01/08/2013,2.7
01/09/2013,2.27
01/10/2013,2.21
01/11/2013,1.96
01/12/2013,2.52
01/13/2013,2.42
01/14/2013,2.68
01/15/2013,2.27
01/16/2013,2.85
01/17/2013,3
01/18/2013,5.78
01/19/2013,6.39
01/20/2013,6.32
01/21/2013,6.4
01/22/2013,12.8
01/23/2013,15.98
01/24/2013,17.41
01/25/2013,18.9
01/26/2013,18.54
01/27/2013,21.81
01/28/2013,17.55
01/29/2013,12.52
01/30/2013,10.57
01/31/2013,9.22
02/01/2013,12.41
02/02/2013,15.53
02/03/2013,17.21
02/04/2013,18.16
02/05/2013,30.33
02/06/2013,25.03
02/07/2013,27.56
02/08/2013,22.49
02/09/2013,29.37
02/10/2013,31.62
02/11/2013,19.83
02/12/2013,15.83
02/13/2013,15.67
02/14/2013,16.23
02/15/2013,15.22
02/16/2013,16.1
02/17/2013,31.38
02/18/2013,38.4
02/19/2013,27.05
02/20/2013,20.12
02/21/2013,22.67
02/22/2013,30.54
02/23/2013,28.78
02/24/2013,27.42
02/25/2013,23.07
02/26/2013,24.19
02/27/2013,20.18
02/28/2013,18.36
03/01/2013,16.23
03/02/2013,16.48
03/03/2013,30.92
03/04/2013,24.11
03/05/2013,25.07
03/06/2013,23.19
03/07/2013,24.85
03/08/2013,19.21
03/09/2013,17.11
03/10/2013,16.49
03/11/2013,13.85
03/12/2013,13.23
03/13/2013,11.18
03/14/2013,9.82
03/15/2013,11.38
03/16/2013,10.71
03/17/2013,12.09
03/18/2013,15.58
03/19/2013,12.16
03/20/2013,10.12
03/21/2013,11.04
03/22/2013,13.06
03/23/2013,12.88
03/24/2013,10.93
03/25/2013,8.53
03/26/2013,7.28
03/27/2013,6.81
03/28/2013,7.03
03/29/2013,9.14
03/30/2013,8.63
03/31/2013,7.94
04/01/2013,7.09
04/02/2013,5.56
04/03/2013,5.34
04/04/2013,5.29
04/05/2013,5.36
04/06/2013,5.66
04/07/2013,5.52
04/08/2013,5.77
04/09/2013,5.35
04/10/2013,4.97
04/11/2013,4.6
04/12/2013,4.04
04/13/2013,4.06
04/14/2013,4.12
04/15/2013,3.89
04/16/2013,3.9
04/17/2013,3.95
04/18/2013,3.8
04/19/2013,3.53
04/20/2013,3.48
04/21/2013,3.03
04/22/2013,2.79
04/23/2013,2.77
04/24/2013,2.52
04/25/2013,2.31
04/26/2013,1.95
04/27/2013,1.89
04/28/2013,1.65
04/29/2013,1.45
04/30/2013,1.26
05/01/2013,0.86
05/02/2013,0.68
05/03/2013,0.68
05/04/2013,0.78
05/05/2013,0.5
05/06/2013,0.46
05/07/2013,0.49
05/08/2013,0.48
05/09/2013,0.48
05/10/2013,0.45
05/11/2013,0.44
05/12/2013,0.44
05/13/2013,0.37
05/14/2013,0.37
05/15/2013,0.32
05/16/2013,0.31
05/17/2013,0.3
05/18/2013,0.28
05/19/2013,0.27
05/20/2013,0.28
05/21/2013,0.28
05/22/2013,0.08
05/23/2013,0.08
05/24/2013,0.07
05/25/2013,0.06
05/26/2013,0.04
05/27/2013,0.03
05/28/2013,0
05/29/2013,0
11/24/2013,0.19
11/25/2013,0.18
11/26/2013,0.2
11/27/2013,0.24
11/28/2013,0.84
11/29/2013,1.26
11/30/2013,1.57
12/01/2013,1.49
12/02/2013,0.98
12/03/2013,0.81
12/04/2013,0.7
12/05/2013,0.96
12/06/2013,0.93
12/07/2013,1.04
12/08/2013,1.06
12/09/2013,2.81
12/10/2013,4.14
12/11/2013,5.21
12/12/2013,7.62
12/13/2013,9.37
12/14/2013,10.22
12/15/2013,9.3
12/16/2013,12.35
12/17/2013,13.38
12/18/2013,11.22
12/19/2013,10.3
12/20/2013,10.91
12/21/2013,10.95
12/22/2013,9.59
12/23/2013,9.1
12/24/2013,9.49
12/25/2013,14.53
12/26/2013,16.01
12/27/2013,13.25
12/28/2013,9.43
12/30/2013,10.01
12/31/2013,16.16
01/01/2014,19.64
01/02/2014,26.04
01/03/2014,35.48
01/04/2014,27.61
01/05/2014,22.3
01/06/2014,23.64
01/07/2014,31.43
01/08/2014,38.67
01/09/2014,41.24
01/10/2014,42.39
01/11/2014,38.03
01/12/2014,27.84
01/13/2014,19.22
01/14/2014,20.85
01/15/2014,24.06
01/16/2014,24.29
01/17/2014,24.67
01/18/2014,29.25
01/19/2014,32.63
01/20/2014,33.67
01/21/2014,53.96
01/22/2014,58.57
01/23/2014,59.74
01/24/2014,57.85
01/25/2014,42.52
01/26/2014,50.74
01/27/2014,52.54
01/28/2014,63.8
01/29/2014,63.88
01/30/2014,65.83
01/31/2014,59.33
02/01/2014,61.76
02/02/2014,64.74
02/03/2014,71.56
02/04/2014,77.62
02/05/2014,77.12
02/06/2014,79.62
02/07/2014,78.98
02/08/2014,77.93
02/09/2014,78.19
02/10/2014,80.38
02/11/2014,87.13
02/12/2014,88.43
02/13/2014,84.66
02/14/2014,80.12
02/15/2014,80.88
02/16/2014,81.4
02/17/2014,81.54
02/18/2014,85.24
02/19/2014,80.26
02/20/2014,79.24
02/21/2014,69.1
02/22/2014,66.87
02/23/2014,61.71
02/24/2014,70.19
02/25/2014,77.25
02/26/2014,79.76
02/28/2014,85.4
03/01/2014,85.95
03/02/2014,90.5
03/03/2014,86.15
03/04/2014,91.07
03/05/2014,91.88
03/06/2014,92.52
03/07/2014,90.36
03/08/2014,90.8
03/09/2014,91.03
03/10/2014,83.93
03/11/2014,83.22
03/12/2014,84.12
03/13/2014,85.61
03/14/2014,78.78
03/15/2014,74.71
03/16/2014,75.22
03/17/2014,82.82
03/18/2014,82.11
03/19/2014,80.82
03/20/2014,76.96
03/21/2014,74.47
03/22/2014,72.86
03/23/2014,71.02
03/24/2014,77.4
03/25/2014,73.45
03/26/2014,74.27
03/27/2014,73.68
03/28/2014,71.13
03/29/2014,69.62
03/30/2014,71.97
03/31/2014,67.34
04/01/2014,69.02
04/02/2014,62.99
04/03/2014,65.68
04/04/2014,59.7
04/05/2014,59.81
04/06/2014,54.38
04/07/2014,52.95
04/08/2014,54.89
04/09/2014,53.45
04/10/2014,48.15
04/11/2014,49.15
04/12/2014,47.6
04/13/2014,47.81
04/14/2014,40.79
04/15/2014,39.14
04/16/2014,37.31
04/17/2014,39.47
04/18/2014,39.6
04/19/2014,36.86
04/20/2014,35.93
04/21/2014,40.12
04/22/2014,34.05
04/23/2014,35.11
04/24/2014,35.47
04/25/2014,35.95
04/26/2014,33.31
04/27/2014,32.99
04/28/2014,26.88
04/29/2014,28.71
04/30/2014,23.57
05/01/2014,20.83
05/02/2014,21.02
05/03/2014,21.32
05/04/2014,19.08
05/05/2014,16.06
05/06/2014,16.09
05/07/2014,16.13
05/08/2014,14.22
05/09/2014,12.79
05/10/2014,11.92
05/11/2014,9.16
05/12/2014,7.78
05/13/2014,8.24
05/14/2014,5.02
05/15/2014,5.33
05/16/2014,4.89
05/17/2014,3.38
05/18/2014,2.65
05/19/2014,2.41
05/20/2014,2.47
05/21/2014,1.65
05/22/2014,1.31
05/23/2014,1.09
05/24/2014,1.55
05/25/2014,1.7
05/26/2014,1.67
05/27/2014,1.11
05/28/2014,1.29
05/29/2014,0.82
05/30/2014,0.44
05/31/2014,0.48
06/01/2014,0.45
06/02/2014,0.47
06/03/2014,0.5
06/04/2014,0.21
06/05/2014,0
11/14/2014,0
11/15/2014,0.1
11/16/2014,0.15
11/17/2014,0.15
11/18/2014,0.4
11/20/2014,1.01
11/21/2014,0.9
11/22/2014,0.61
11/23/2014,0.57
11/24/2014,0.57
11/25/2014,0.4
11/26/2014,0.47
11/27/2014,0.52
11/28/2014,0.74
11/29/2014,0.88
11/30/2014,0.68
12/01/2014,0.72
12/02/2014,1.14
12/03/2014,1.09
12/04/2014,1.08
12/05/2014,1.14
12/06/2014,1.74
12/07/2014,1.52
12/08/2014,1.61
12/09/2014,1.59
12/10/2014,1.79
12/11/2014,1.83
12/12/2014,1.83
12/13/2014,1.35
12/14/2014,1.29
12/15/2014,1.3
12/16/2014,1.25
12/17/2014,1.14
12/18/2014,1.28
12/19/2014,1.91
12/20/2014,4.54
12/21/2014,4.64
12/22/2014,3.28
12/23/2014,1.93
12/24/2014,1.39
12/25/2014,1.2
12/26/2014,1.27
12/27/2014,1.02
12/28/2014,1.07
12/29/2014,1.79
12/30/2014,2.74
12/31/2014,5.44
01/01/2015,5.61
01/02/2015,6.75
01/03/2015,8.54
01/04/2015,8.24
01/05/2015,10.66
01/06/2015,11.46
01/07/2015,13.89
01/08/2015,18.46
01/09/2015,14.9
01/10/2015,19.53
01/11/2015,22.12
01/12/2015,24.87
01/13/2015,29
01/14/2015,33.91
01/15/2015,33.77
01/16/2015,23.64
01/17/2015,26.9
01/18/2015,22.47
01/19/2015,24.29
01/20/2015,29.83
01/21/2015,31.98
01/22/2015,33.57
01/23/2015,27.06
01/24/2015,22.39
01/25/2015,26.43
01/26/2015,33.43
01/27/2015,37.51
01/28/2015,41.22
01/29/2015,37.45
01/30/2015,34.66
01/31/2015,38.25
02/01/2015,37.66
02/02/2015,49.33
02/03/2015,49.89
02/04/2015,48.81
02/05/2015,56.93
02/06/2015,47.19
02/07/2015,48.45
02/08/2015,46.86
02/09/2015,53.74
02/10/2015,57.59
02/11/2015,63.24
02/12/2015,60.35
02/13/2015,68.2
02/14/2015,64.84
02/15/2015,69.72
02/16/2015,76.58
02/17/2015,82.24
02/18/2015,85.43
02/19/2015,80.83
02/20/2015,84.03
02/21/2015,82.8
02/22/2015,84.43
02/23/2015,85.6
02/24/2015,84.46
02/25/2015,85.46
02/26/2015,84.05
02/27/2015,86.83
02/28/2015,88.76
03/01/2015,88.33
03/02/2015,78.58
03/03/2015,77.72
03/04/2015,80.39
03/05/2015,83.13
03/06/2015,83.63
03/07/2015,82.25
03/08/2015,78.46
03/09/2015,73.61
03/10/2015,68.48
03/11/2015,64.13
03/12/2015,65.39
03/13/2015,66.36
03/14/2015,63.05
03/15/2015,60.29
03/16/2015,58.85
03/17/2015,54.87
03/18/2015,52
03/19/2015,52.29
03/20/2015,52.87
03/21/2015,53.35
03/22/2015,51.28
03/23/2015,53.45
03/24/2015,61.04
03/25/2015,57.51
03/26/2015,51.09
03/27/2015,52.64
03/28/2015,53.58
03/29/2015,51.9
03/30/2015,44.53
03/31/2015,45.15
04/01/2015,47.54
04/02/2015,43.71
04/04/2015,35.63
04/05/2015,35.48
04/06/2015,37.85
04/07/2015,39.31
04/08/2015,41.17
04/09/2015,40.64
04/10/2015,39.3
04/11/2015,27.42
04/12/2015,26.89
04/13/2015,25.26
04/14/2015,20.19
04/15/2015,19.39
04/16/2015,19.39
04/17/2015,17.82
04/18/2015,16.09
04/19/2015,14.25
04/20/2015,14.1
04/21/2015,12.91
04/22/2015,8.82
04/23/2015,7.62
04/24/2015,7.38
04/25/2015,7.7
04/26/2015,7.48
04/27/2015,6.68
04/28/2015,6.87
04/29/2015,6.47
04/30/2015,5.73
05/01/2015,5.6
05/02/2015,5.39
05/03/2015,4.79
05/04/2015,3.89
05/05/2015,2.98
05/06/2015,3.22
05/07/2015,3.23
05/08/2015,2.18
05/09/2015,1.76
05/10/2015,1.42
05/11/2015,1.24
05/12/2015,1.23
05/13/2015,0.79
05/14/2015,0.85
05/15/2015,0.61
05/16/2015,0.51
05/17/2015,0.48
05/18/2015,0.4
05/19/2015,0.2
05/20/2015,0.2
05/21/2015,0.2
05/22/2015,0.1
05/23/2015,0.1
05/24/2015,0.0
05/25/2015,0.0
05/26/2015,0.0
05/27/2015,0.0
05/28/2015,0.0
11/27/2015,0.0
11/28/2015,0.0
11/29/2015,0.0
11/30/2015,0.1
12/01/2015,0.0
12/02/2015,0.0
12/03/2015,0.0
12/04/2015,0.0
12/05/2015,0.0
12/06/2015,0.0
12/07/2015,0.0
12/08/2015,0.0
12/09/2015,0.0
12/10/2015,0.0
12/11/2015,0.0
12/12/2015,0.0
12/13/2015,0.0
12/14/2015,0.0
12/15/2015,0.0
12/16/2015,0.0
12/17/2015,0.0
12/18/2015,0.0
12/19/2015,0.2
12/20/2015,0.2
12/21/2015,0.2
12/22/2015,0.2
12/23/2015,0.2
12/24/2015,0.3
12/26/2015,0.2
12/27/2015,0.3
12/28/2015,0.4
12/29/2015,0.4
12/30/2015,0.6
12/31/2015,0.7
01/01/2016,0.6
01/02/2016,0.6
01/03/2016,0.7
01/04/2016,1.1
01/05/2016,1.8
01/06/2016,2.2
01/07/2016,2.1
01/08/2016,1.5
01/09/2016,1.4
01/10/2016,1.7
01/11/2016,3.8
01/12/2016,4.3
01/13/2016,5.9
01/14/2016,6.3
01/15/2016,6.4
01/16/2016,6.4
01/17/2016,9.5
01/18/2016,9.6
01/19/2016,12.0
01/20/2016,14.5
01/21/2016,15.2
01/22/2016,15.5
01/23/2016,15.0
01/24/2016,14.6
01/25/2016,11.1
01/26/2016,9.7
01/27/2016,9.4
01/28/2016,8.0
01/29/2016,11.2
01/30/2016,9.8
01/31/2016,7.9
02/01/2016,5.0
02/02/2016,5.7
02/03/2016,5.6
02/04/2016,7.15
02/05/2016,7.69
02/06/2016,7.69
02/07/2016,5.98
02/08/2016,4.7
02/09/2016,5.86
02/10/2016,7.82
02/11/2016,12.22
02/12/2016,17.42
02/13/2016,23.86
02/14/2016,33.81
02/15/2016,27.2
02/16/2016,23.31
02/17/2016,19.91
02/18/2016,25.78
02/19/2016,23.03
02/20/2016,17.95
02/21/2016,12.38
02/22/2016,12.33
02/23/2016,12.29
02/24/2016,12.67
02/25/2016,11.53
02/26/2016,9
02/27/2016,7.92
02/28/2016,6.81
02/29/2016,10.38
03/01/2016,10.61
03/02/2016,16.25
03/03/2016,19.4
03/04/2016,19.35
03/05/2016,18.49
03/06/2016,16.08
03/07/2016,9.53
03/08/2016,8.43
03/09/2016,7.66
03/10/2016,7.06
03/11/2016,7.06
03/12/2016,5.9
03/13/2016,5.78
03/14/2016,5.15
03/15/2016,5.34
03/16/2016,3.88
03/17/2016,2.65
03/18/2016,2.45
03/19/2016,4.24
03/20/2016,3.29
03/21/2016,1.69
03/22/2016,1.54
03/23/2016,1.54
03/24/2016,1.44
03/25/2016,1.52
03/26/2016,1.39
03/27/2016,1.25
03/28/2016,1.24
03/29/2016,1.19
03/30/2016,1.24
03/31/2016,1.26
04/01/2016,1.27
04/02/2016,1.23
04/03/2016,0.92
04/04/2016,0.9
04/05/2016,1.09
04/06/2016,0.94
04/07/2016,0.9
04/08/2016,0.84
04/09/2016,0.81
04/10/2016,0.62
04/11/2016,0.8
04/12/2016,0.82
04/13/2016,0.81
04/14/2016,0.79
04/15/2016,0.74
04/16/2016,0.56
04/17/2016,0.73
04/18/2016,0.74
04/19/2016,0.71
04/20/2016,0.72
04/21/2016,0.71
04/22/2016,0.71
04/23/2016,0.59
04/24/2016,0.46
04/25/2016,0.46
04/26/2016,0.41
04/27/2016,0.34
04/28/2016,0.35
04/29/2016,0.35
04/30/2016,0.12
05/01/2016,0.2
05/02/2016,0.09
05/03/2016,0.09
05/04/2016,0.09
05/05/2016,0
