Lake Erie:, Ice Cover Data
Source:, CIS; NIC
Date, Percent_Ice
12/20/1972,0
12/28/1972,0
01/02/1973,3.4
01/09/1973,25.4
01/16/1973,42.3
01/23/1973,10.5
01/30/1973,17.0
02/06/1973,6.9
02/13/1973,81.0
02/20/1973,94.0
02/27/1973,95.7
03/06/1973,57.8
03/13/1973,3.3
03/21/1973,0.0
03/27/1973,0.0
04/06/1973,0.0
12/30/1973,0.0
12/31/1973,7.5
01/10/1974,53.4
01/17/1974,44.0
01/23/1974,12.5
01/31/1974,2.8
02/07/1974,42.8
02/14/1974,68.8
02/21/1974,88.5
02/28/1974,59.9
03/07/1974,15.8
03/14/1974,25.1
03/21/1974,0.5
03/28/1974,0.8
04/04/1974,1.3
04/11/1974,0.0
04/18/1974,5.0
04/25/1974,0.0
05/02/1974,0.0
01/01/1975,0.0
01/02/1975,1.1
01/09/1975,1.6
01/16/1975,7.3
01/23/1975,28.9
01/30/1975,15.8
02/06/1975,23.8
02/13/1975,80.5
02/20/1975,62.8
02/27/1975,47.5
03/06/1975,72.6
03/13/1975,27.7
03/20/1975,5.7
03/27/1975,0.0
04/03/1975,0.4
04/10/1975,0.5
04/17/1975,0.0
04/24/1975,0.0
12/22/1975,0.0
12/23/1975,11.9
12/30/1975,18.4
01/06/1976,18.8
01/13/1976,54.2
01/20/1976,68.6
01/27/1976,87.3
02/03/1976,95.0
02/10/1976,95.4
02/17/1976,88.9
02/24/1976,44.5
03/02/1976,22.9
03/09/1976,20.4
03/16/1976,10.7
03/23/1976,3.8
03/30/1976,1.2
04/06/1976,1.3
04/13/1976,0.5
04/20/1976,0.1
04/21/1976,0.0
12/15/1976,0.0
12/16/1976,25.5
12/23/1976,40.4
12/30/1976,79.9
01/06/1977,95.6
01/12/1977,95.2
01/19/1977,95.8
01/26/1977,99.6
02/02/1977,98.3
02/09/1977,99.8
02/16/1977,97.8
02/23/1977,98.0
03/02/1977,92.6
03/09/1977,70.1
03/16/1977,62.4
03/23/1977,42.6
03/30/1977,35.8
04/06/1977,11.2
04/13/1977,8.8
04/20/1977,7.4
04/27/1977,6.0
05/04/1977,5.4
05/05/1977,0.0
12/20/1977,0.0
12/21/1977,10.1
12/28/1977,35.1
01/04/1978,53.2
01/11/1978,80.6
01/18/1978,95.2
01/25/1978,93.0
02/01/1978,98.2
02/08/1978,100.0
02/15/1978,100.0
02/22/1978,100.0
03/01/1978,100.0
03/08/1978,100.0
03/15/1978,95.7
03/22/1978,86.7
03/29/1978,84.9
04/05/1978,62.5
04/12/1978,37.4
04/19/1978,13.0
04/26/1978,7.9
05/03/1978,6.7
05/04/1978,0.0
12/17/1978,0.0
12/18/1978,7.8
12/25/1978,5.0
12/27/1978,17.1
01/01/1979,9.4
01/08/1979,61.2
01/15/1979,95.1
01/22/1979,94.2
01/29/1979,72.0
02/05/1979,95.2
02/12/1979,100.0
02/19/1979,98.5
02/26/1979,77.9
03/05/1979,80.4
03/12/1979,81.3
03/19/1979,66.4
03/26/1979,42.7
04/02/1979,12.1
04/09/1979,8.0
04/16/1979,6.0
04/23/1979,5.9
04/30/1979,5.5
05/07/1979,5.0
05/14/1979,5.0
05/15/1979,0.0
01/01/1980,0.0
01/02/1980,14.9
01/09/1980,12.1
01/16/1980,10.0
01/24/1980,9.0
01/30/1980,43.4
02/06/1980,92.1
02/13/1980,89.4
02/20/1980,86.1
02/27/1980,88.7
03/05/1980,93.7
03/12/1980,93.9
03/19/1980,53.0
03/26/1980,21.5
04/02/1980,24.5
04/09/1980,10.6
04/16/1980,5.0
04/17/1980,0.0
12/23/1980,0.0
12/24/1980,19.5
01/07/1981,92.9
01/14/1981,96.0
01/21/1981,94.7
01/28/1981,82.1
02/04/1981,95.7
02/11/1981,92.7
02/18/1981,94.2
02/25/1981,65.4
03/04/1981,41.4
03/11/1981,29.4
03/18/1981,34.7
03/25/1981,23.9
04/01/1981,16.3
04/08/1981,11.0
04/15/1981,7.5
04/16/1981,0.0
12/20/1981,0.0
12/21/1981,5.0
12/29/1981,5.2
01/04/1982,5.0
01/11/1982,31.1
01/18/1982,98.6
01/25/1982,95.6
02/02/1982,96.0
02/09/1982,98.2
02/17/1982,99.0
02/23/1982,96.1
03/03/1982,94.2
03/09/1982,97.5
03/17/1982,76.4
03/23/1982,72.2
03/29/1982,64.1
04/06/1982,34.1
04/13/1982,18.8
04/20/1982,8.0
04/26/1982,8.1
05/05/1982,7.6
05/12/1982,7.2
05/17/1982,5.7
05/18/1982,0.0
12/20/1982,0.0
12/21/1982,5.0
12/27/1982,5.0
01/03/1983,5.2
01/11/1983,5.0
01/18/1983,22.4
01/25/1983,17.8
02/01/1983,13.5
02/08/1983,15.6
02/14/1983,43.4
02/23/1983,20.4
03/01/1983,6.7
03/08/1983,5.0
03/15/1983,5.0
03/23/1983,5.0
03/30/1983,5.0
04/05/1983,5.0
04/12/1983,5.0
04/19/1983,5.0
04/26/1983,5.0
05/03/1983,5.0
05/04/1983,0.0
12/19/1983,0.0
12/20/1983,6.5
12/27/1983,23.4
01/03/1984,93.0
01/10/1984,86.0
01/18/1984,95.7
01/24/1984,82.8
02/01/1984,93.6
02/08/1984,93.3
02/15/1984,73.9
02/22/1984,49.7
02/29/1984,77.1
03/07/1984,83.7
03/15/1984,84.8
03/22/1984,60.4
03/24/1984,86.2
03/29/1984,61.9
04/05/1984,34.8
04/08/1984,25.6
04/12/1984,19.6
04/19/1984,11.6
04/26/1984,5.0
05/03/1984,0.0
12/22/1984,0.0
12/28/1984,5.0
01/05/1985,20.4
01/12/1985,28.0
01/19/1985,52.0
01/26/1985,60.0
02/02/1985,93.9
02/09/1985,96.0
02/16/1985,94.3
02/23/1985,92.6
03/02/1985,71.0
03/09/1985,70.7
03/16/1985,30.0
03/23/1985,27.0
03/30/1985,24.6
04/06/1985,13.1
04/13/1985,7.9
04/20/1985,7.0
04/27/1985,7.3
04/28/1985,0.0
12/13/1985,0.0
12/14/1985,8.8
12/21/1985,18.4
12/28/1985,90.8
01/04/1986,90.6
01/11/1986,71.7
01/18/1986,95.0
01/25/1986,91.3
02/01/1986,95.5
02/08/1986,81.2
02/15/1986,87.4
02/22/1986,86.7
03/01/1986,87.9
03/08/1986,78.0
03/15/1986,83.3
03/22/1986,81.4
03/29/1986,16.8
04/05/1986,14.3
04/12/1986,7.0
04/19/1986,2.2
04/23/1986,1.1
04/24/1986,0.0
12/26/1986,0.0
12/27/1986,5.0
01/03/1987,0.0
01/10/1987,0.0
01/17/1987,8.1
01/24/1987,29.2
02/01/1987,55.6
02/07/1987,17.8
02/14/1987,88.1
02/21/1987,78.3
02/28/1987,68.6
03/07/1987,15.2
03/14/1987,7.7
03/21/1987,5.6
03/28/1987,5.0
04/05/1987,5.0
04/06/1987,0.0
01/02/1988,0.0
01/03/1988,11.5
01/10/1988,73.9
01/17/1988,46.0
01/24/1988,33.9
01/31/1988,41.4
02/07/1988,91.6
02/14/1988,84.9
02/21/1988,89.1
02/28/1988,89.4
03/06/1988,62.9
03/13/1988,68.8
03/20/1988,30.8
03/27/1988,19.0
04/03/1988,14.4
04/10/1988,10.4
04/17/1988,3.2
04/18/1988,0.0
12/13/1988,0.0
12/14/1988,3.8
12/16/1988,3.9
12/19/1988,3.1
12/21/1988,3.3
12/23/1988,2.5
12/26/1988,4.1
12/28/1988,4.1
12/30/1988,5.2
01/02/1989,5.5
01/04/1989,1.1
01/06/1989,0.7
01/09/1989,3.0
01/11/1989,23.2
01/13/1989,22.2
01/16/1989,22.0
01/18/1989,18.8
01/20/1989,11.6
01/23/1989,9.3
01/25/1989,3.6
01/27/1989,8.4
01/30/1989,3.0
02/01/1989,1.2
02/03/1989,5.1
02/06/1989,27.4
02/08/1989,50.4
02/10/1989,86.3
02/13/1989,91.7
02/15/1989,93.4
02/17/1989,95.0
02/20/1989,92.3
02/22/1989,85.6
02/24/1989,88.0
02/27/1989,91.7
03/01/1989,95.0
03/03/1989,92.0
03/06/1989,88.0
03/08/1989,94.0
03/10/1989,91.1
03/13/1989,63.8
03/15/1989,67.7
03/17/1989,68.1
03/20/1989,26.9
03/22/1989,16.1
03/24/1989,15.2
03/27/1989,2.8
03/29/1989,2.6
03/31/1989,1.9
04/03/1989,0.1
04/05/1989,0.0
04/07/1989,0.0
04/10/1989,0.0
04/12/1989,0.0
04/14/1989,0.0
04/17/1989,0.0
04/19/1989,0.0
04/21/1989,0.0
04/24/1989,0.0
04/26/1989,0.0
04/28/1989,0.0
05/01/1989,0.0
05/03/1989,0.0
05/05/1989,0.0
05/08/1989,0.0
12/12/1989,0.0
12/13/1989,9.2
12/15/1989,10.0
12/18/1989,20.2
12/20/1989,21.7
12/22/1989,40.7
12/25/1989,75.3
12/27/1989,61.3
12/29/1989,65.0
01/01/1990,52.8
01/03/1990,67.6
01/05/1990,64.6
01/08/1990,55.4
01/10/1990,55.3
01/12/1990,47.5
01/16/1990,44.5
01/17/1990,54.9
01/19/1990,54.6
01/22/1990,53.5
01/24/1990,37.5
01/26/1990,17.0
01/29/1990,11.3
01/31/1990,42.3
02/02/1990,14.1
02/05/1990,45.5
02/07/1990,31.5
02/09/1990,39.5
02/12/1990,14.1
02/14/1990,12.2
02/16/1990,10.2
02/19/1990,16.4
02/21/1990,10.9
02/23/1990,7.2
02/26/1990,35.1
02/28/1990,42.8
03/02/1990,46.4
03/05/1990,64.1
03/07/1990,74.3
03/09/1990,85.5
03/12/1990,56.4
03/14/1990,45.3
03/16/1990,15.7
03/19/1990,13.4
03/21/1990,2.2
03/23/1990,1.0
03/26/1990,1.3
03/28/1990,0.8
03/30/1990,1.0
04/02/1990,0.2
04/04/1990,0.5
04/06/1990,0.5
04/09/1990,0.3
04/11/1990,0.2
04/13/1990,0.2
04/16/1990,0.0
04/18/1990,0.0
04/20/1990,0.0
04/23/1990,0.0
04/25/1990,0.0
04/27/1990,0.0
12/27/1990,0.0
12/28/1990,0.5
12/30/1990,5.5
01/02/1991,6.9
01/04/1991,6.6
01/07/1991,8.7
01/09/1991,9.7
01/11/1991,14.4
01/14/1991,21.4
01/16/1991,24.9
01/18/1991,14.0
01/21/1991,10.2
01/23/1991,17.9
01/25/1991,18.2
01/28/1991,22.5
01/30/1991,19.3
02/01/1991,44.4
02/04/1991,31.2
02/06/1991,31.7
02/08/1991,15.3
02/11/1991,10.9
02/13/1991,6.2
02/15/1991,21.3
02/18/1991,23.8
02/20/1991,22.2
02/22/1991,12.0
02/25/1991,12.1
02/27/1991,35.9
03/01/1991,38.2
03/04/1991,23.3
03/06/1991,13.9
03/08/1991,5.8
03/11/1991,2.9
03/13/1991,8.2
03/15/1991,1.9
03/18/1991,0.9
03/20/1991,0.9
03/22/1991,0.9
03/25/1991,0.4
03/27/1991,0.2
03/29/1991,0.5
04/01/1991,0.0
04/03/1991,0.0
04/05/1991,0.0
04/08/1991,0.0
04/10/1991,0.0
04/12/1991,0.0
04/15/1991,0.0
04/17/1991,0.0
04/19/1991,0.0
04/22/1991,0.0
04/24/1991,0.0
04/26/1991,0.0
04/29/1991,0.0
05/01/1991,0.0
12/05/1991,0.0
12/06/1991,0.1
12/09/1991,0.0
12/11/1991,0.0
12/13/1991,0.0
12/16/1991,0.0
12/18/1991,0.0
12/20/1991,5.1
12/23/1991,2.7
12/24/1991,2.5
12/27/1991,1.8
12/30/1991,0.4
12/31/1991,0.4
01/03/1992,0.0
01/06/1992,0.0
01/08/1992,0.0
01/10/1992,0.0
01/13/1992,0.0
01/15/1992,0.0
01/17/1992,3.1
01/20/1992,12.8
01/22/1992,12.6
01/24/1992,16.6
01/27/1992,16.8
01/29/1992,21.4
01/31/1992,26.1
02/03/1992,47.5
02/05/1992,58.2
02/07/1992,56.1
02/10/1992,86.7
02/12/1992,83.1
02/14/1992,86.6
02/17/1992,91.3
02/19/1992,80.8
02/21/1992,64.9
02/24/1992,70.2
02/26/1992,65.9
02/28/1992,43.9
03/02/1992,55.8
03/04/1992,81.8
03/06/1992,7.0
03/09/1992,5.3
03/11/1992,2.1
03/13/1992,0.7
03/17/1992,0.0
03/18/1992,16.9
03/20/1992,11.7
03/23/1992,7.1
03/25/1992,8.2
03/27/1992,4.9
03/30/1992,0.9
04/01/1992,2.8
04/03/1992,0.9
04/06/1992,0.2
04/08/1992,0.1
04/10/1992,0.0
04/13/1992,0.0
04/15/1992,0.0
04/17/1992,0.0
04/20/1992,0.0
04/22/1992,0.0
04/24/1992,0.0
04/27/1992,0.0
04/29/1992,0.0
05/01/1992,0.0
05/04/1992,0.0
05/06/1992,0.0
05/08/1992,0.0
05/11/1992,0.0
12/14/1992,0.0
12/16/1992,0.0
12/18/1992,0.0
12/21/1992,0.0
12/23/1992,0.0
12/25/1992,0.0
12/28/1992,3.3
12/30/1992,2.9
01/01/1993,2.4
01/04/1993,1.8
01/06/1993,0.4
01/08/1993,0.4
01/11/1993,0.4
01/13/1993,0.6
01/15/1993,1.2
01/18/1993,9.5
01/20/1993,29.8
01/22/1993,26.4
01/25/1993,26.8
01/27/1993,25.9
01/29/1993,24.9
02/01/1993,22.1
02/03/1993,21.8
02/05/1993,25.4
02/08/1993,43.9
02/10/1993,39.8
02/12/1993,55.6
02/15/1993,32.9
02/17/1993,32.8
02/19/1993,72.2
02/22/1993,60.7
02/24/1993,94.8
02/26/1993,94.2
03/01/1993,92.3
03/03/1993,88.0
03/05/1993,91.5
03/08/1993,63.6
03/10/1993,59.9
03/12/1993,72.5
03/15/1993,76.7
03/17/1993,82.9
03/19/1993,57.2
03/22/1993,92.0
03/24/1993,70.4
03/26/1993,57.8
03/29/1993,46.1
03/31/1993,40.5
04/02/1993,31.8
04/05/1993,11.3
04/07/1993,3.5
04/09/1993,2.7
04/12/1993,1.3
04/14/1993,1.0
04/16/1993,0.7
04/19/1993,0.0
04/21/1993,0.0
04/23/1993,0.0
04/26/1993,0.0
04/28/1993,0.0
04/30/1993,0.0
05/03/1993,0.0
05/05/1993,0.0
12/03/1993,0.0
12/06/1993,0.0
12/08/1993,0.0
12/10/1993,0.0
12/13/1993,0.0
12/15/1993,0.0
12/17/1993,0.0
12/20/1993,0.0
12/22/1993,0.0
12/27/1993,0.2
01/03/1994,36.8
01/05/1994,18.9
01/07/1994,35.3
01/10/1994,49.5
01/12/1994,46.6
01/17/1994,95.1
01/19/1994,91.5
01/21/1994,95.7
01/24/1994,95.7
01/26/1994,96.1
01/28/1994,95.6
01/31/1994,95.9
02/02/1994,96.0
02/04/1994,95.0
02/07/1994,96.2
02/09/1994,99.8
02/11/1994,96.1
02/14/1994,96.2
02/16/1994,94.4
02/21/1994,87.7
02/23/1994,79.7
02/25/1994,70.9
02/28/1994,93.0
03/02/1994,94.6
03/04/1994,84.4
03/07/1994,87.3
03/09/1994,90.5
03/11/1994,79.1
03/14/1994,82.3
03/16/1994,69.0
03/18/1994,66.9
03/21/1994,64.4
03/23/1994,64.3
03/25/1994,56.2
03/28/1994,42.8
03/30/1994,37.6
04/01/1994,35.2
04/04/1994,35.1
04/06/1994,26.3
04/08/1994,16.2
04/11/1994,16.2
04/13/1994,16.0
04/15/1994,15.0
04/18/1994,5.7
04/20/1994,4.7
04/22/1994,1.3
04/25/1994,0.7
04/27/1994,0.7
04/29/1994,0.6
05/02/1994,0.3
05/04/1994,0.0
05/06/1994,0.0
05/11/1994,0.0
05/13/1994,0.0
12/09/1994,0.0
12/12/1994,0.0
12/14/1994,0.0
12/16/1994,0.0
12/19/1994,0.0
12/21/1994,0.0
12/23/1994,0.0
12/26/1994,0.0
12/28/1994,0.0
12/30/1994,0.0
01/02/1995,0.0
01/04/1995,0.0
01/06/1995,14.5
01/09/1995,13.9
01/11/1995,27.0
01/13/1995,19.5
01/16/1995,13.5
01/18/1995,8.0
01/20/1995,5.4
01/23/1995,6.6
01/25/1995,17.4
01/27/1995,18.1
01/30/1995,16.9
02/01/1995,19.1
02/03/1995,17.9
02/06/1995,20.2
02/08/1995,82.7
02/10/1995,86.8
02/13/1995,95.8
02/15/1995,95.0
02/17/1995,89.7
02/20/1995,95.3
02/22/1995,80.2
02/24/1995,66.5
02/27/1995,53.8
03/01/1995,88.6
03/03/1995,81.2
03/06/1995,84.9
03/08/1995,73.7
03/10/1995,66.9
03/13/1995,66.3
03/15/1995,59.5
03/17/1995,50.1
03/20/1995,33.8
03/22/1995,10.1
03/24/1995,7.5
03/27/1995,2.9
03/29/1995,2.2
03/31/1995,1.6
04/03/1995,0.9
04/05/1995,1.0
04/07/1995,0.6
04/10/1995,0.6
04/12/1995,0.7
04/14/1995,0.4
04/19/1995,0.0
04/21/1995,0.0
04/24/1995,0.0
04/26/1995,0.0
04/28/1995,0.0
05/01/1995,0.0
05/03/1995,0.0
05/05/1995,0.0
05/08/1995,0.0
05/10/1995,0.0
11/17/1995,0.0
11/20/1995,0.0
11/22/1995,0.0
11/27/1995,0.0
11/29/1995,0.0
12/04/1995,0.0
12/06/1995,0.0
12/08/1995,0.0
12/11/1995,15.7
12/18/1995,12.1
12/22/1995,18.8
12/25/1995,15.6
12/27/1995,11.3
12/29/1995,21.2
01/01/1996,21.2
01/03/1996,25.1
01/05/1996,59.0
01/12/1996,88.4
01/15/1996,95.0
01/17/1996,99.4
01/19/1996,87.7
01/22/1996,94.9
01/24/1996,88.4
01/26/1996,75.7
01/29/1996,67.1
01/31/1996,99.6
02/02/1996,96.4
02/05/1996,100.0
02/07/1996,89.2
02/09/1996,85.1
02/12/1996,89.6
02/14/1996,86.5
02/16/1996,100.0
02/19/1996,99.2
02/21/1996,89.9
02/23/1996,88.8
02/26/1996,77.6
02/28/1996,82.6
03/01/1996,64.4
03/04/1996,88.2
03/06/1996,88.2
03/08/1996,88.4
03/11/1996,80.5
03/13/1996,86.4
03/18/1996,85.6
03/20/1996,78.0
03/22/1996,40.4
03/25/1996,25.8
03/27/1996,31.5
04/01/1996,27.7
04/03/1996,23.2
04/05/1996,21.0
04/08/1996,21.6
04/10/1996,17.4
04/12/1996,14.6
04/15/1996,10.6
04/17/1996,11.1
04/19/1996,4.8
04/22/1996,2.0
04/24/1996,1.6
04/26/1996,1.3
04/29/1996,0.5
05/01/1996,0.6
05/03/1996,0.4
05/06/1996,0.4
05/08/1996,0.2
05/10/1996,0.0
05/13/1996,0.0
05/15/1996,0.0
05/17/1996,0.0
05/20/1996,0.0
05/22/1996,0.0
05/24/1996,0.0
05/29/1996,0.0
05/31/1996,0.0
11/26/1996,0.0
11/29/1996,0.0
12/03/1996,0.0
12/06/1996,0.0
12/10/1996,0.0
12/13/1996,0.0
12/17/1996,0.0
12/20/1996,4.4
12/24/1996,1.1
12/27/1996,11.7
12/31/1996,0.8
01/03/1997,3.4
01/07/1997,0.3
01/10/1997,7.7
01/14/1997,40.0
01/17/1997,78.0
01/21/1997,92.1
01/24/1997,67.6
01/28/1997,99.6
01/31/1997,94.3
02/04/1997,89.6
02/07/1997,81.2
02/11/1997,92.7
02/14/1997,86.0
02/18/1997,91.4
02/21/1997,69.4
02/25/1997,42.9
02/28/1997,41.8
03/04/1997,37.1
03/07/1997,29.6
03/11/1997,18.6
03/14/1997,20.7
03/18/1997,15.5
03/21/1997,25.2
03/25/1997,17.3
03/28/1997,10.0
04/01/1997,5.5
04/04/1997,4.0
04/08/1997,2.7
04/11/1997,2.0
04/15/1997,1.5
04/18/1997,1.1
04/22/1997,0.8
04/25/1997,0.5
04/29/1997,0.0
05/02/1997,0.0
05/06/1997,0.0
05/09/1997,0.0
05/13/1997,0.0
12/02/1997,0.0
12/05/1997,0.0
12/09/1997,0.0
12/12/1997,0.0
12/16/1997,0.0
12/19/1997,0.0
12/23/1997,0.0
12/26/1997,0.0
12/30/1997,0.0
01/02/1998,2.8
01/06/1998,0.0
01/09/1998,0.0
01/13/1998,0.0
01/16/1998,1.3
01/20/1998,3.8
01/23/1998,5.3
01/27/1998,2.6
01/30/1998,4.3
02/03/1998,1.5
02/06/1998,0.4
02/10/1998,0.5
02/13/1998,0.6
02/17/1998,0.3
02/20/1998,0.0
02/24/1998,0.0
02/27/1998,0.0
03/03/1998,0.0
03/06/1998,0.0
03/10/1998,0.0
03/13/1998,0.0
03/17/1998,0.3
03/20/1998,0.0
03/24/1998,0.0
03/27/1998,0.0
03/31/1998,0.0
04/03/1998,0.0
04/07/1998,0.0
04/10/1998,0.0
04/14/1998,0.0
04/17/1998,0.0
04/21/1998,0.0
04/24/1998,0.0
12/15/1998,0.0
12/18/1998,0.0
12/25/1998,0.0
01/01/1999,2.6
01/08/1999,27.5
01/15/1999,74.7
01/22/1999,66.1
01/29/1999,53.0
02/05/1999,31.7
02/12/1999,25.8
02/19/1999,19.1
02/26/1999,52.7
03/05/1999,17.0
03/12/1999,51.1
03/19/1999,19.4
03/26/1999,0.1
04/02/1999,0.1
04/09/1999,0.0
04/16/1999,0.0
04/23/1999,0.0
04/30/1999,0.0
12/03/1999,0.0
12/10/1999,0.0
12/17/1999,0.0
12/24/1999,0.0
12/31/1999,8.3
01/07/2000,5.7
01/14/2000,7.2
01/21/2000,26.7
01/28/2000,80.2
02/04/2000,78.9
02/11/2000,83.1
02/18/2000,71.9
02/25/2000,75.7
03/03/2000,14.4
03/10/2000,1.2
03/17/2000,0.3
03/24/2000,0.0
03/31/2000,0.0
04/07/2000,0.0
04/14/2000,0.0
04/21/2000,0.0
04/28/2000,0.0
12/01/2000,0.0
12/05/2000,0.3
12/07/2000,0.5
12/11/2000,3.0
12/14/2000,6.9
12/21/2000,15.6
12/25/2000,42.7
12/28/2000,51.6
01/01/2001,74.1
01/04/2001,74.0
01/08/2001,84.0
01/11/2001,79.6
01/15/2001,88.2
01/18/2001,67.0
01/22/2001,85.9
01/25/2001,87.8
01/29/2001,88.1
02/01/2001,92.5
02/05/2001,72.6
02/08/2001,76.5
02/12/2001,94.0
02/15/2001,76.1
02/19/2001,73.5
02/22/2001,69.6
02/26/2001,66.0
03/01/2001,47.9
03/05/2001,44.8
03/08/2001,40.1
03/12/2001,26.3
03/15/2001,16.6
03/19/2001,19.7
03/22/2001,20.1
03/26/2001,13.1
03/29/2001,13.6
04/02/2001,13.2
04/05/2001,16.6
04/09/2001,10.3
04/12/2001,10.1
04/16/2001,3.0
04/19/2001,1.5
04/23/2001,0.3
04/26/2001,0.0
04/30/2001,0.0
05/03/2001,0.0
12/03/2001,0.0
12/07/2001,0.0
12/10/2001,0.0
12/13/2001,0.0
12/17/2001,0.0
12/20/2001,0.0
12/24/2001,0.0
12/27/2001,0.5
12/31/2001,1.5
01/03/2002,14.2
01/07/2002,10.6
01/10/2002,11.7
01/14/2002,2.7
01/17/2002,2.3
01/21/2002,13.3
01/24/2002,2.3
01/28/2002,1.2
01/31/2002,1.3
02/04/2002,0.5
02/07/2002,0.8
02/11/2002,0.6
02/14/2002,1.2
02/18/2002,6.5
02/21/2002,0.6
02/25/2002,0.1
02/28/2002,0.3
03/04/2002,0.5
03/07/2002,1.9
03/11/2002,0.1
03/14/2002,0.1
03/18/2002,0.1
03/21/2002,0.0
03/25/2002,0.1
03/28/2002,0.0
04/01/2002,0.0
04/04/2002,0.0
04/08/2002,0.0
04/11/2002,0.0
04/15/2002,0.0
04/18/2002,0.0
04/22/2002,0.0
04/25/2002,0.0
04/29/2002,0.0
05/02/2002,0.0
05/09/2002,0.0
12/02/2002,0.0
12/05/2002,0.7
12/09/2002,0.4
12/12/2002,0.3
12/16/2002,0.1
12/19/2002,0.3
12/23/2002,0.2
12/26/2002,0.4
12/30/2002,12.4
01/02/2003,7.8
01/06/2003,17.1
01/09/2003,17.6
01/13/2003,37.0
01/16/2003,55.6
01/20/2003,83.7
01/23/2003,94.8
01/27/2003,95.7
01/30/2003,93.4
02/03/2003,94.5
02/06/2003,88.4
02/10/2003,95.3
02/13/2003,87.5
02/17/2003,95.6
02/20/2003,94.1
02/24/2003,85.5
02/27/2003,95.2
03/03/2003,95.6
03/10/2003,95.6
03/13/2003,88.4
03/17/2003,89.4
03/20/2003,76.9
03/24/2003,76.1
03/27/2003,76.8
03/31/2003,30.5
04/03/2003,35.8
04/07/2003,5.6
04/10/2003,6.0
04/14/2003,2.7
04/21/2003,0.0
04/24/2003,0.0
04/28/2003,0.0
05/01/2003,0.0
05/05/2003,0.0
05/08/2003,0.0
05/12/2003,0.0
05/15/2003,0.0
05/19/2003,0.0
05/22/2003,0.0
05/26/2003,0.0
05/29/2003,0.0
12/01/2003,0.0
12/03/2003,0.0
12/08/2003,0.0
12/11/2003,0.0
12/15/2003,0.6
12/18/2003,0.5
12/22/2003,0.9
12/25/2003,0.8
12/29/2003,0.2
01/01/2004,0.2
01/05/2004,0.0
01/08/2004,15.5
01/12/2004,19.3
01/15/2004,34.0
01/19/2004,34.4
01/22/2004,63.7
01/26/2004,94.1
01/29/2004,94.2
02/02/2004,95.4
02/05/2004,91.1
02/09/2004,88.8
02/12/2004,82.8
02/16/2004,94.9
02/19/2004,93.6
02/23/2004,64.7
02/26/2004,72.4
03/01/2004,71.8
03/04/2004,49.7
03/08/2004,33.2
03/11/2004,29.9
03/15/2004,17.6
03/18/2004,32.1
03/22/2004,20.5
03/25/2004,17.8
03/29/2004,13.6
04/01/2004,16.0
04/05/2004,4.3
04/08/2004,4.1
04/12/2004,5.4
04/15/2004,3.9
04/19/2004,3.2
04/22/2004,0.6
04/26/2004,0.5
04/29/2004,0.0
05/03/2004,0.0
05/06/2004,0.0
12/02/2004,0.0
12/06/2004,0.0
12/09/2004,0.0
12/13/2004,0.0
12/16/2004,0.1
12/20/2004,2.1
12/23/2004,9.3
12/27/2004,16.9
12/30/2004,17.0
01/03/2005,9.0
01/06/2005,7.7
01/10/2005,11.6
01/13/2005,6.8
01/17/2005,13.4
01/20/2005,31.0
01/24/2005,82.4
01/27/2005,89.2
01/31/2005,87.0
02/03/2005,90.8
02/07/2005,93.0
02/10/2005,83.6
02/14/2005,61.6
02/17/2005,65.9
02/21/2005,83.0
02/24/2005,78.2
02/28/2005,83.2
03/03/2005,84.1
03/07/2005,88.8
03/10/2005,74.5
03/14/2005,69.9
03/17/2005,71.0
03/21/2005,62.0
03/24/2005,51.0
03/28/2005,34.4
03/31/2005,29.0
04/04/2005,1.6
04/07/2005,2.2
04/11/2005,1.1
04/14/2005,0.0
04/18/2005,0.0
04/21/2005,0.0
04/25/2005,0.0
04/28/2005,0.0
05/02/2005,0.0
05/05/2005,0.0
05/09/2005,0.0
11/28/2005,0.0
12/01/2005,0.0
12/05/2005,0.0
12/08/2005,2.0
12/12/2005,9.9
12/15/2005,12.3
12/20/2005,9.0
12/22/2005,16.0
12/26/2005,17.6
12/29/2005,11.4
01/02/2006,12.7
01/05/2006,8.5
01/09/2006,10.8
01/12/2006,4.7
01/16/2006,2.4
01/19/2006,2.4
01/23/2006,1.2
01/26/2006,1.5
01/30/2006,1.0
02/02/2006,0.0
02/06/2006,1.0
02/09/2006,2.3
02/13/2006,3.7
02/16/2006,2.0
02/20/2006,11.8
02/23/2006,21.3
02/27/2006,14.0
03/02/2006,24.6
03/06/2006,19.6
03/09/2006,13.3
03/13/2006,6.0
03/16/2006,0.4
03/20/2006,0.5
03/23/2006,0.1
03/27/2006,0.1
03/30/2006,0.1
04/03/2006,0.0
04/06/2006,0.0
04/10/2006,0.0
04/13/2006,0.0
04/17/2006,0.0
04/20/2006,0.0
04/24/2006,0.0
04/27/2006,0.0
05/01/2006,0.0
05/04/2006,0.0
12/04/2006,0.0
12/07/2006,0.0
12/11/2006,0.0
12/14/2006,0.0
12/18/2006,0.0
12/21/2006,0.0
12/25/2006,0.0
12/28/2006,0.0
01/01/2007,0.0
01/04/2007,0.0
01/08/2007,0.0
01/11/2007,0.0
01/15/2007,0.0
01/18/2007,0.1
01/22/2007,2.3
01/25/2007,3.2
01/29/2007,21.1
02/01/2007,37.7
02/05/2007,72.8
02/08/2007,89.6
02/12/2007,95.0
02/15/2007,95.3
02/19/2007,95.8
02/22/2007,80.9
02/26/2007,89.2
03/01/2007,91.8
03/05/2007,68.4
03/08/2007,95.1
03/12/2007,89.5
03/15/2007,56.7
03/19/2007,47.3
03/22/2007,50.8
03/26/2007,41.9
03/29/2007,35.6
04/02/2007,19.1
04/05/2007,5.9
04/09/2007,2.8
04/12/2007,2.8
04/16/2007,0.4
04/19/2007,1.2
04/23/2007,1.0
04/26/2007,0.5
04/30/2007,0.0
05/03/2007,0.0
05/07/2007,0.0
05/10/2007,0.0
11/26/2007,0.0
11/29/2007,0.0
12/03/2007,0.0
12/06/2007,2.1
12/10/2007,2.1
12/13/2007,2.2
12/17/2007,5.4
12/20/2007,3.2
12/24/2007,2.3
12/27/2007,9.2
12/31/2007,2.6
01/03/2008,3.2
01/07/2008,2.5
01/10/2008,1.7
01/14/2008,1.7
01/17/2008,2.0
01/21/2008,28.0
01/24/2008,30.2
01/28/2008,44.0
01/31/2008,31.6
02/04/2008,67.3
02/07/2008,66.0
02/11/2008,83.3
02/14/2008,87.5
02/18/2008,66.8
02/21/2008,89.4
02/25/2008,91.9
02/28/2008,90.4
03/03/2008,79.2
03/06/2008,83.7
03/10/2008,93.4
03/13/2008,87.5
03/17/2008,68.6
03/19/2008,74.8
03/20/2008,67.4
03/25/2008,45.6
03/26/2008,44.7
03/27/2008,45.6
04/01/2008,39.2
04/02/2008,23.8
04/03/2008,23.5
04/08/2008,9.6
04/09/2008,9.2
04/10/2008,4.3
04/15/2008,2.3
04/16/2008,1.3
04/17/2008,1.0
04/21/2008,0.4
04/24/2008,0.1
04/28/2008,0.0
05/01/2008,0.0
05/05/2008,0.0
05/08/2008,0.0
05/12/2008,0.0
05/15/2008,0.0
12/07/2008,0.0
12/08/2008,0.4
12/11/2008,0.6
12/15/2008,7.7
12/18/2008,6.9
12/22/2008,13.3
12/25/2008,16.5
12/29/2008,9.7
01/01/2009,9.5
01/05/2009,26.2
01/08/2009,29.1
01/12/2009,61.2
01/15/2009,86.4
01/19/2009,92.2
01/22/2009,84.7
01/26/2009,89.6
01/29/2009,95.0
02/02/2009,87.5
02/05/2009,95.6
02/09/2009,85.0
02/12/2009,76.5
02/16/2009,72.9
02/19/2009,63.1
02/23/2009,80.9
02/26/2009,82.1
03/02/2009,95.0
03/05/2009,89.1
03/10/2009,58.0
03/12/2009,41.4
03/17/2009,42.9
03/19/2009,27.9
03/24/2009,22.1
03/26/2009,20.5
03/31/2009,6.6
04/01/2009,6.3
04/02/2009,3.1
04/07/2009,1.0
04/09/2009,0.7
04/14/2009,1.0
04/16/2009,0.8
04/20/2009,0.0
04/23/2009,0.0
04/27/2009,0.0
04/30/2009,0.0
05/04/2009,0.0
05/07/2009,0.0
12/07/2009,0.0
12/09/2009,0.0
12/14/2009,1.6
12/17/2009,6.4
12/21/2009,5.6
12/24/2009,4.7
12/28/2009,3.1
12/31/2009,10.7
01/05/2010,23.7
01/06/2010,21.5
01/07/2010,28.3
01/09/2010,30.9
01/10/2010,27.8
01/12/2010,54.9
01/13/2010,53.7
01/14/2010,47.6
01/19/2010,22.9
01/21/2010,22.7
01/25/2010,19.4
01/28/2010,41.0
02/01/2010,81.1
02/04/2010,88.7
02/08/2010,93.1
02/15/2010,91.9
02/18/2010,83.5
02/22/2010,62.1
02/25/2010,63.1
03/01/2010,50.6
03/04/2010,50.6
03/09/2010,51.6
03/10/2010,52.9
03/11/2010,54.0
03/13/2010,62.1
03/14/2010,62.1
03/16/2010,17.5
03/17/2010,19.6
03/18/2010,19.4
03/23/2010,5.4
03/24/2010,4.7
03/25/2010,5.6
03/30/2010,4.1
04/01/2010,3.3
04/05/2010,0.0
04/08/2010,0.0
04/12/2010,0.0
04/15/2010,0.0
12/02/2010,0.0
12/07/2010,0.0
12/09/2010,1.2
12/14/2010,1.1
12/16/2010,15.4
12/17/2010,17.2
12/18/2010,18.0
12/19/2010,18.5
12/20/2010,19.0
12/21/2010,23.6
12/22/2010,22.3
12/23/2010,17.1
12/24/2010,15.6
12/25/2010,15.6
12/26/2010,19.8
12/27/2010,18.8
12/28/2010,21.5
12/29/2010,19.8
12/30/2010,31.3
12/31/2010,29.7
01/01/2011,28.4
01/02/2011,20.0
01/03/2011,12.9
01/04/2011,18.7
01/05/2011,11.9
01/06/2011,26.9
01/07/2011,28.2
01/08/2011,25.3
01/09/2011,34.1
01/10/2011,44.2
01/11/2011,45.5
01/12/2011,55.3
01/13/2011,62.2
01/14/2011,65.3
01/15/2011,68.7
01/16/2011,65.9
01/17/2011,69.2
01/18/2011,81.0
01/19/2011,72.2
01/20/2011,78.8
01/21/2011,75.8
01/22/2011,76.9
01/23/2011,87.8
01/24/2011,87.2
01/25/2011,89.6
01/26/2011,85.3
01/27/2011,88.5
01/28/2011,81.8
01/29/2011,83.2
01/30/2011,84.2
01/31/2011,89.2
02/01/2011,95.9
02/02/2011,85.1
02/03/2011,86.9
02/04/2011,87.0
02/05/2011,89.2
02/06/2011,89.1
02/07/2011,87.6
02/08/2011,94.1
02/09/2011,83.3
02/10/2011,91.5
02/11/2011,90.5
02/12/2011,90.5
02/13/2011,90.2
02/14/2011,76.2
02/15/2011,74.4
02/16/2011,79.2
02/17/2011,76.7
02/18/2011,72.9
02/19/2011,57.9
02/20/2011,56.7
02/21/2011,59.2
02/22/2011,73.3
02/23/2011,78.2
02/24/2011,89.9
02/25/2011,84.3
02/26/2011,76.3
02/27/2011,76.4
02/28/2011,85.6
03/01/2011,93.8
03/02/2011,77.8
03/03/2011,77.9
03/04/2011,74.6
03/05/2011,74.7
03/06/2011,66.5
03/07/2011,69.1
03/08/2011,73.4
03/09/2011,72.8
03/10/2011,62.2
03/11/2011,61.6
03/12/2011,59.4
03/13/2011,59.4
03/14/2011,59.7
03/15/2011,67.2
03/16/2011,55.4
03/17/2011,54.6
03/18/2011,53.6
03/19/2011,53.0
03/20/2011,39.7
03/21/2011,49.6
03/22/2011,37.8
03/23/2011,36.8
03/24/2011,31.5
03/25/2011,44.4
03/26/2011,51.3
03/27/2011,33.5
03/28/2011,30.7
03/29/2011,17.2
03/30/2011,17.7
03/31/2011,17.4
04/01/2011,16.0
04/02/2011,16.0
04/03/2011,13.3
04/04/2011,9.3
04/05/2011,9.1
04/06/2011,8.3
04/07/2011,3.1
04/08/2011,2.7
04/09/2011,2.7
04/10/2011,4.0
04/11/2011,3.4
04/12/2011,1.1
04/13/2011,1.1
04/14/2011,1.0
04/15/2011,1.0
04/16/2011,1.3
04/17/2011,1.3
04/18/2011,0.1
04/19/2011,0.1
04/20/2011,0.0
04/21/2011,0.0
04/22/2011,0.0
04/23/2011,0.0
04/24/2011,0.0
04/25/2011,0.0
04/26/2011,0.0
04/27/2011,0.0
04/28/2011,0.0
04/29/2011,0.0
04/30/2011,0.0
05/01/2011,0.0
05/02/2011,0.0
05/03/2011,0.0
05/04/2011,0.0
05/05/2011,0.0
05/06/2011,0.0
05/09/2011,0.0
05/10/2011,0.0
05/11/2011,0.0
05/12/2011,0.0
05/13/2011,0.0
11/29/2011,0.0
12/01/2011,0.0
12/02/2011,0.0
12/03/2011,0.0
12/04/2011,0.0
12/05/2011,0.0
12/06/2011,0.0
12/07/2011,0.0
12/08/2011,0.0
12/09/2011,0.0
12/10/2011,0.0
12/11/2011,0.0
12/12/2011,0.0
12/13/2011,0.0
12/14/2011,0.0
12/15/2011,0.0
12/16/2011,0.0
12/17/2011,0.0
12/18/2011,0.0
12/19/2011,0.0
12/20/2011,0.0
12/21/2011,0.0
12/22/2011,0.0
12/23/2011,0.0
12/24/2011,0.0
12/25/2011,0
12/26/2011,0
12/27/2011,0
12/28/2011,0
12/29/2011,0
12/30/2011,0
12/31/2011,0
01/01/2012,0
01/02/2012,0
01/03/2012,0
01/04/2012,0.41
01/05/2012,0.28
01/06/2012,0.24
01/07/2012,0.27
01/08/2012,0.51
01/09/2012,0.01
01/10/2012,0.04
01/11/2012,0
01/12/2012,0
01/13/2012,0
01/14/2012,0
01/15/2012,0
01/16/2012,2.75
01/17/2012,1.6
01/18/2012,1.19
01/19/2012,0.79
01/20/2012,2.38
01/21/2012,13.87
01/22/2012,12.15
01/23/2012,12.44
01/24/2012,8
01/25/2012,7.31
01/26/2012,11.67
01/27/2012,6.98
01/28/2012,4.01
01/29/2012,3.52
01/30/2012,2.28
01/31/2012,7.9
02/01/2012,1.42
02/02/2012,1.21
02/03/2012,0.98
02/04/2012,0.99
02/05/2012,1.18
02/06/2012,1.05
02/07/2012,0.59
02/08/2012,0.61
02/09/2012,0.53
02/10/2012,0.32
02/11/2012,0.39
02/12/2012,1.6
02/13/2012,9
02/14/2012,10.87
02/15/2012,11.1
02/16/2012,5.32
02/17/2012,2.68
02/18/2012,2.62
02/19/2012,1.17
02/20/2012,1.21
02/21/2012,0.81
02/22/2012,0.85
02/23/2012,0.01
02/24/2012,0.01
02/25/2012,0.01
02/26/2012,0
02/27/2012,0
02/28/2012,0
02/29/2012,0
03/01/2012,0
03/02/2012,0
03/03/2012,0.33
03/04/2012,0
03/05/2012,0
03/06/2012,0
03/07/2012,0
03/08/2012,0
03/09/2012,0
03/10/2012,0
03/11/2012,0
03/12/2012,0
03/13/2012,0
03/14/2012,0
03/15/2012,0
03/16/2012,0
03/17/2012,0
03/18/2012,0
03/19/2012,0
03/20/2012,0
03/21/2012,0
03/22/2012,0
03/23/2012,0
03/24/2012,0
03/25/2012,0
03/26/2012,0
03/27/2012,0
03/28/2012,0
03/29/2012,0
03/30/2012,0
03/31/2012,0
04/01/2012,0
04/02/2012,0
04/03/2012,0
04/04/2012,0
04/05/2012,0
04/06/2012,0
04/07/2012,0
04/08/2012,0
04/09/2012,0
04/10/2012,0
04/11/2012,0
04/12/2012,0
04/13/2012,0
11/29/2012,0
12/04/2012,0
12/05/2012,0
12/06/2012,0
12/07/2012,0
12/08/2012,0
12/09/2012,0
12/10/2012,0
12/11/2012,0
12/12/2012,0
12/13/2012,0
12/14/2012,0
12/15/2012,0
12/16/2012,0
12/17/2012,0
12/18/2012,0
12/19/2012,0
12/20/2012,0
12/21/2012,0
12/22/2012,0
12/23/2012,0
12/24/2012,0
12/25/2012,0.74
12/26/2012,0.14
12/27/2012,0.39
12/28/2012,0.34
12/29/2012,0.4
12/30/2012,0.5
12/31/2012,0.5
01/01/2013,0.7
01/02/2013,0.5
01/03/2013,4.9
01/04/2013,6.3
01/05/2013,9.7
01/06/2013,9.0
01/07/2013,5.1
01/08/2013,5.1
01/09/2013,2.4
01/10/2013,1.8
01/11/2013,1.4
01/12/2013,2.6
01/13/2013,1.8
01/14/2013,1.7
01/15/2013,1.9
01/16/2013,0.6
01/17/2013,0.8
01/18/2013,0.0
01/19/2013,0.2
01/20/2013,0.1
01/21/2013,0.0
01/22/2013,16.1
01/23/2013,29.7
01/24/2013,30.5
01/25/2013,35.9
01/26/2013,37.8
01/27/2013,43.0
01/28/2013,41.1
01/29/2013,20.3
01/30/2013,15.8
01/31/2013,10.2
02/01/2013,8.9
02/02/2013,8.2
02/03/2013,9.4
02/04/2013,20.3
02/05/2013,74.8
02/06/2013,66.3
02/07/2013,73.3
02/08/2013,62.9
02/09/2013,70.1
02/10/2013,82.3
02/11/2013,70.2
02/12/2013,54.9
02/13/2013,46.1
02/14/2013,43.1
02/15/2013,37.0
02/16/2013,37.0
02/17/2013,61.6
02/18/2013,75.6
02/19/2013,75.7
02/20/2013,51.5
02/21/2013,55.3
02/22/2013,83.7
02/23/2013,83.0
02/24/2013,73.2
02/25/2013,70.2
02/26/2013,66.7
02/27/2013,69.5
02/28/2013,67.4
03/01/2013,63.7
03/02/2013,55.2
03/03/2013,70.7
03/04/2013,62.5
03/05/2013,69.4
03/06/2013,66.5
03/07/2013,67.1
03/08/2013,34.1
03/09/2013,37.9
03/10/2013,38.1
03/11/2013,29.0
03/12/2013,28.9
03/13/2013,6.0
03/14/2013,2.0
03/15/2013,0.8
03/16/2013,0.5
03/17/2013,0.5
03/18/2013,0.5
03/19/2013,0.3
03/20/2013,0.3
03/21/2013,1.0
03/22/2013,1.1
03/23/2013,1.1
03/24/2013,0.8
03/25/2013,1.2
03/26/2013,0.2
03/27/2013,0.3
03/28/2013,0.2
03/29/2013,0.3
03/30/2013,0.2
03/31/2013,0.1
04/01/2013,0.1
04/02/2013,0.0
04/03/2013,0.1
04/04/2013,0.1
04/05/2013,0.1
04/06/2013,0.1
04/07/2013,0.1
04/08/2013,0.1
04/09/2013,0.0
04/10/2013,0.0
04/11/2013,0.0
04/12/2013,0.0
04/13/2013,0.0
04/14/2013,0.0
04/15/2013,0.0
04/16/2013,0.0
04/17/2013,0.0
04/18/2013,0.0
04/19/2013,0.0
04/20/2013,0.0
04/21/2013,0.0
04/22/2013,0.0
04/23/2013,0.0
04/24/2013,0.0
04/25/2013,0.0
04/26/2013,0.0
04/27/2013,0.0
04/28/2013,0.0
04/29/2013,0.0
04/30/2013,0.0
05/01/2013,0.0
05/02/2013,0.0
05/03/2013,0.0
05/04/2013,0.0
05/05/2013,0.0
05/06/2013,0.0
05/07/2013,0.0
05/08/2013,0.0
05/09/2013,0.0
05/10/2013,0.0
05/11/2013,0.0
05/12/2013,0.0
05/13/2013,0.0
05/14/2013,0.0
05/15/2013,0.0
05/16/2013,0.0
05/17/2013,0.0
05/18/2013,0.0
05/19/2013,0.0
05/20/2013,0.0
05/21/2013,0.0
05/22/2013,0.0
05/23/2013,0.0
05/24/2013,0.0
05/25/2013,0.0
05/26/2013,0.0
05/27/2013,0.0
05/28/2013,0.0
11/24/2013,0.0
11/25/2013,0.0
11/26/2013,0.0
11/27/2013,0.0
11/28/2013,0.4
11/29/2013,0.7
11/30/2013,0.9
12/01/2013,0.7
12/02/2013,0.4
12/03/2013,0.2
12/04/2013,0.3
12/05/2013,0.0
12/06/2013,0.0
12/07/2013,0.0
12/08/2013,0.0
12/09/2013,0.4
12/10/2013,0.7
12/11/2013,1.1
12/12/2013,10.4
12/13/2013,11.0
12/14/2013,12.6
12/15/2013,12.4
12/16/2013,18.7
12/17/2013,17.7
12/18/2013,15.1
12/19/2013,17.1
12/20/2013,15.4
12/21/2013,15.4
12/22/2013,10.5
12/23/2013,10.3
12/24/2013,9.7
12/25/2013,11.3
12/26/2013,20.3
12/27/2013,19.1
12/28/2013,9.7
12/30/2013,9.0
12/31/2013,10.1
01/01/2014,24.7
01/02/2014,35.0
01/03/2014,55.7
01/04/2014,58.0
01/05/2014,39.7
01/06/2014,41.9
01/07/2014,61.6
01/08/2014,88.5
01/09/2014,90.7
01/10/2014,86.8
01/11/2014,90.4
01/12/2014,76.9
01/13/2014,63.1
01/14/2014,65.7
01/15/2014,60.4
01/16/2014,61.7
01/17/2014,58.5
01/18/2014,58.5
01/19/2014,86.2
01/20/2014,86.2
01/21/2014,94.5
01/22/2014,95.1
01/23/2014,94.9
01/24/2014,90.9
01/25/2014,88.6
01/26/2014,91.0
01/27/2014,91.0
01/28/2014,95.9
01/29/2014,95.4
01/30/2014,95.7
01/31/2014,91.0
02/01/2014,91.0
02/02/2014,91.9
02/03/2014,89.0
02/04/2014,92.7
02/05/2014,93.9
02/06/2014,94.3
02/07/2014,91.9
02/08/2014,91.9
02/09/2014,91.9
02/10/2014,91.9
02/11/2014,95.9
02/12/2014,95.8
02/13/2014,91.8
02/14/2014,91.8
02/15/2014,91.6
02/16/2014,91.0
02/17/2014,95.1
02/18/2014,94.2
02/19/2014,92.8
02/20/2014,95.9
02/21/2014,86.2
02/22/2014,83.1
02/23/2014,82.4
02/24/2014,78.1
02/25/2014,93.5
02/26/2014,95.4
02/28/2014,91.8
03/01/2014,91.2
03/02/2014,95.2
03/03/2014,91.4
03/04/2014,95.9
03/05/2014,95.7
03/06/2014,96.5
03/07/2014,95.2
03/08/2014,95.5
03/09/2014,95.5
03/10/2014,88.0
03/11/2014,91.7
03/12/2014,91.5
03/13/2014,92.3
03/14/2014,89.2
03/15/2014,84.1
03/16/2014,82.0
03/17/2014,92.3
03/18/2014,92.7
03/19/2014,88.6
03/20/2014,88.6
03/21/2014,85.1
03/22/2014,85.6
03/23/2014,85.7
03/24/2014,84.4
03/25/2014,86.6
03/26/2014,76.5
03/27/2014,76.1
03/28/2014,73.7
03/29/2014,72.6
03/30/2014,65.2
03/31/2014,59.8
04/01/2014,67.0
04/02/2014,64.1
04/03/2014,65.1
04/04/2014,51.9
04/05/2014,51.9
04/06/2014,52.7
04/07/2014,44.4
04/08/2014,50.2
04/09/2014,44.1
04/10/2014,37.1
04/11/2014,33.7
04/12/2014,31.3
04/13/2014,28.3
04/14/2014,23.0
04/15/2014,23.0
04/16/2014,14.4
04/17/2014,15.7
04/18/2014,17.2
04/19/2014,12.8
04/20/2014,10.7
04/21/2014,15.6
04/22/2014,10.5
04/23/2014,7.6
04/24/2014,5.4
04/25/2014,4.3
04/26/2014,4.0
04/27/2014,3.4
04/28/2014,2.6
04/29/2014,2.9
04/30/2014,1.9
05/01/2014,0.0
05/02/2014,0.4
05/03/2014,0.3
05/04/2014,0.3
05/05/2014,0.2
05/06/2014,0.1
05/07/2014,0.1
05/08/2014,0.1
05/09/2014,0.1
05/10/2014,0.0
05/11/2014,0.0
05/12/2014,0.0
05/13/2014,0.0
05/14/2014,0.0
05/15/2014,0.0
05/16/2014,0.0
05/17/2014,0.0
05/18/2014,0.0
05/19/2014,0.0
05/20/2014,0.0
05/21/2014,0.0
05/22/2014,0.0
05/23/2014,0.0
05/24/2014,0.0
05/25/2014,0.0
05/26/2014,0.0
05/27/2014,0.0
05/28/2014,0.0
05/29/2014,0.0
05/30/2014,0.0
05/31/2014,0.0
06/01/2014,0.0
06/02/2014,0.0
06/03/2014,0.0
06/04/2014,0.0
06/05/2014,0.0
11/14/2014,0.0
11/15/2014,0.0
11/16/2014,0.0
11/17/2014,0.0
11/18/2014,0.0
11/20/2014,0.0
11/21/2014,0.0
11/22/2014,0.0
11/23/2014,0.3
11/24/2014,0.1
11/25/2014,0.01
11/26/2014,0
11/27/2014,0
11/28/2014,0
11/29/2014,0
11/30/2014,0
12/01/2014,0
12/02/2014,0
12/03/2014,0
12/04/2014,0
12/05/2014,0
12/06/2014,0
12/07/2014,0
12/08/2014,0
12/09/2014,0
12/10/2014,0
12/11/2014,0
12/12/2014,0
12/13/2014,0
12/14/2014,0
12/15/2014,0
12/16/2014,0
12/17/2014,0
12/18/2014,0
12/19/2014,0
12/20/2014,0.14
12/21/2014,0.27
12/22/2014,0
12/23/2014,0
12/24/2014,0
12/25/2014,0
12/26/2014,0
12/27/2014,0
12/28/2014,0
12/29/2014,0
12/30/2014,0
12/31/2014,0.63
01/01/2015,0.69
01/02/2015,1.4
01/03/2015,2.64
01/04/2015,0.75
01/05/2015,3.61
01/06/2015,5.62
01/07/2015,17.08
01/08/2015,25.9
01/09/2015,31.21
01/10/2015,51.49
01/11/2015,55.91
01/12/2015,57.63
01/13/2015,81.9
01/14/2015,87.52
01/15/2015,87.05
01/16/2015,86.28
01/17/2015,89.57
01/18/2015,75.15
01/19/2015,78.18
01/20/2015,80.1
01/21/2015,81.4
01/22/2015,84.29
01/23/2015,84.51
01/24/2015,80.98
01/25/2015,74.5
01/26/2015,73.71
01/27/2015,94.03
01/28/2015,95.18
01/29/2015,95.02
01/30/2015,94.26
01/31/2015,93.06
02/01/2015,92.81
02/02/2015,94.74
02/03/2015,94.68
02/04/2015,94.86
02/05/2015,95.49
02/06/2015,91.63
02/07/2015,92.4
02/08/2015,91.39
02/09/2015,92.51
02/10/2015,95.55
02/11/2015,95.57
02/12/2015,93.64
02/13/2015,94.7
02/14/2015,95.3
02/15/2015,95.28
02/16/2015,95.52
02/17/2015,95.57
02/18/2015,98.15
02/19/2015,95.83
02/20/2015,95.81
02/21/2015,95.78
02/22/2015,95.78
02/23/2015,95.98
02/24/2015,96.01
02/25/2015,95.36
02/26/2015,96.01
02/27/2015,96.03
02/28/2015,96.06
03/01/2015,96.07
03/02/2015,96.03
03/03/2015,96.11
03/04/2015,96.11
03/05/2015,95.7
03/06/2015,96.21
03/07/2015,94.85
03/08/2015,92.87
03/09/2015,91.82
03/10/2015,91.8
03/11/2015,92.07
03/12/2015,94.08
03/13/2015,93.9
03/14/2015,92.82
03/15/2015,90.83
03/16/2015,90.01
03/17/2015,86.7
03/18/2015,85.28
03/19/2015,87.46
03/20/2015,87.11
03/21/2015,87.39
03/22/2015,82.59
03/23/2015,83.62
03/24/2015,88.55
03/25/2015,87.89
03/26/2015,84.1
03/27/2015,82.57
03/28/2015,69.66
03/29/2015,71.32
03/30/2015,66.22
03/31/2015,66.2
04/01/2015,65.08
04/02/2015,64.87
04/04/2015,52.87
04/05/2015,48.34
04/06/2015,46.58
04/07/2015,46.14
04/08/2015,47.11
04/09/2015,48.55
04/10/2015,43.02
04/11/2015,29.29
04/12/2015,28.25
04/13/2015,28.87
04/14/2015,29
04/15/2015,25.78
04/16/2015,22.56
04/17/2015,16.07
04/18/2015,14.68
04/19/2015,6.14
04/20/2015,0.38
04/21/2015,0.22
04/22/2015,0.03
04/23/2015,0
04/24/2015,0
04/25/2015,0
04/26/2015,0
04/27/2015,0
04/28/2015,0
04/29/2015,0
04/30/2015,0
05/01/2015,0
05/02/2015,0
05/03/2015,0
05/04/2015,0
05/05/2015,0
05/06/2015,0
05/07/2015,0
05/08/2015,0
05/09/2015,0
05/10/2015,0
05/11/2015,0
05/12/2015,0
05/13/2015,0
05/14/2015,0
05/15/2015,0
05/16/2015,0
05/17/2015,0
05/18/2015,0
05/19/2015,0
05/20/2015,0
05/21/2015,0
05/22/2015,0
05/23/2015,0
05/24/2015,0
05/25/2015,0
05/26/2015,0
05/27/2015,0
05/28/2015,0
11/27/2015,0
11/28/2015,0
11/29/2015,0
11/30/2015,0
12/01/2015,0
12/02/2015,0
12/03/2015,0
12/04/2015,0
12/05/2015,0
12/06/2015,0
12/07/2015,0
12/08/2015,0
12/09/2015,0
12/10/2015,0
12/11/2015,0
12/12/2015,0
12/13/2015,0
12/14/2015,0
12/15/2015,0
12/16/2015,0
12/17/2015,0
12/18/2015,0
12/19/2015,0
12/20/2015,0
12/21/2015,0
12/22/2015,0
12/23/2015,0
12/24/2015,0.0
12/26/2015,0.0
12/27/2015,0.0
12/28/2015,0.0
12/29/2015,0.0
12/30/2015,0.0
12/31/2015,0.0
01/01/2016,0.0
01/02/2016,0.0
01/03/2016,0.0
01/04/2016,0.0
01/05/2016,0.5
01/06/2016,0.6
01/07/2016,0.9
01/08/2016,0.2
01/09/2016,0.2
01/10/2016,0.1
01/11/2016,0.2
01/12/2016,5.3
01/13/2016,7.0
01/14/2016,8.4
01/15/2016,8.4
01/16/2016,7.0
01/17/2016,9.6
01/18/2016,10.4
01/19/2016,21.1
01/20/2016,23.7
01/21/2016,27.4
01/22/2016,32.2
01/23/2016,26.3
01/24/2016,26.1
01/25/2016,21.7
01/26/2016,21.4
01/27/2016,16.2
01/28/2016,11.2
01/29/2016,22.8
01/30/2016,18.5
01/31/2016,12.7
02/01/2016,5.3
02/02/2016,5.6
02/03/2016,2.8
02/04/2016,1.9
02/05/2016,1.5
02/06/2016,1.5
02/07/2016,0.9
02/08/2016,1.0
02/09/2016,0.8
02/10/2016,0.7
02/11/2016,3.2
02/12/2016,26.9
02/13/2016,43.3
02/14/2016,66.1
02/15/2016,78.7
02/16/2016,66.9
02/17/2016,63.4
02/18/2016,68.2
02/19/2016,59.2
02/20/2016,33.4
02/21/2016,34.4
02/22/2016,27.9
02/23/2016,19.4
02/24/2016,24.0
02/25/2016,23.0
02/26/2016,7.7
02/27/2016,4.8
02/28/2016,1.8
02/29/2016,0.0
03/01/2016,0.0
03/02/2016,1.0
03/03/2016,2.9
03/04/2016,6.5
03/05/2016,5.8
03/06/2016,12.0
03/07/2016,2.6
03/08/2016,0.1
03/09/2016,0.0
03/10/2016,0.0
03/11/2016,0.0
03/12/2016,0.0
03/13/2016,0.0
03/14/2016,0.0
03/15/2016,0.0
03/16/2016,0.0
03/17/2016,0.0
03/18/2016,0.0
03/19/2016,0.0
03/20/2016,0.0
03/21/2016,0.0
03/22/2016,0.0
03/23/2016,0.0
03/24/2016,0.0
03/25/2016,0.0
03/26/2016,0.0
03/27/2016,0.0
03/28/2016,0.0
03/29/2016,0.0
03/30/2016,0.0
03/31/2016,0.0
04/01/2016,0.0
04/02/2016,0.0
04/03/2016,0.0
04/04/2016,0.0
04/05/2016,0.0
04/06/2016,0.0
04/07/2016,0
04/08/2016,0
04/09/2016,0
04/10/2016,0
04/11/2016,0
04/12/2016,0
04/13/2016,0
04/14/2016,0
04/15/2016,0
04/16/2016,0
04/17/2016,0
04/18/2016,0
04/19/2016,0
04/20/2016,0
04/21/2016,0
04/22/2016,0
04/23/2016,0
04/24/2016,0
04/25/2016,0
04/26/2016,0
04/27/2016,0
04/28/2016,0
04/29/2016,0
04/30/2016,0
05/01/2016,0
05/02/2016,0
05/03/2016,0
05/04/2016,0
05/05/2016,0
