Lake Huron:, Ice Cover Data
Source:, CIS; NIC
Date, Percent_Ice
12/20/1972,25.26
12/28/1972,12.65
01/02/1973,22.0
01/09/1973,31.3
01/16/1973,25.3
01/23/1973,14.0
01/30/1973,27.4
02/06/1973,23.2
02/13/1973,52.4
02/20/1973,65.9
02/27/1973,68.1
03/06/1973,57.0
03/13/1973,31.1
03/21/1973,24.8
03/27/1973,9.0
04/06/1973,6.9
04/07/1973,0.0
12/30/1973,0.0
12/31/1973,8.5
01/10/1974,40.6
01/17/1974,40.1
01/23/1974,29.4
01/31/1974,26.1
02/07/1974,36.6
02/14/1974,58.4
02/21/1974,60.2
02/28/1974,63.3
03/07/1974,32.1
03/14/1974,53.6
03/21/1974,40.5
03/28/1974,29.6
04/04/1974,25.4
04/11/1974,18.5
04/18/1974,14.1
04/25/1974,9.7
05/02/1974,2.5
05/03/1974,0.0
01/01/1975,0.0
01/02/1975,2.0
01/09/1975,3.6
01/16/1975,13.9
01/23/1975,25.7
01/30/1975,33.7
02/06/1975,39.7
02/13/1975,57.1
02/20/1975,36.9
02/27/1975,34.3
03/06/1975,40.5
03/13/1975,29.2
03/20/1975,18.9
03/27/1975,17.3
04/03/1975,31.8
04/10/1975,24.4
04/17/1975,13.5
04/24/1975,12.1
04/25/1975,0.0
12/22/1975,0.0
12/23/1975,28.4
12/30/1975,22.0
01/06/1976,17.6
01/13/1976,35.7
01/20/1976,37.9
01/27/1976,54.4
02/03/1976,54.1
02/10/1976,41.6
02/17/1976,39.3
02/24/1976,30.5
03/02/1976,44.4
03/09/1976,43.3
03/16/1976,49.3
03/23/1976,33.8
03/30/1976,19.6
04/06/1976,14.6
04/13/1976,11.5
04/20/1976,4.6
04/21/1976,0.0
12/15/1976,0.0
12/16/1976,29.7
12/23/1976,32.2
12/30/1976,42.4
01/06/1977,53.6
01/12/1977,62.9
01/19/1977,70.5
01/26/1977,79.4
02/02/1977,85.2
02/09/1977,95.0
02/16/1977,91.5
02/23/1977,92.5
03/02/1977,91.1
03/09/1977,78.5
03/16/1977,64.7
03/23/1977,70.1
03/30/1977,52.0
04/06/1977,27.2
04/13/1977,23.3
04/20/1977,20.7
04/27/1977,11.5
05/04/1977,6.4
05/05/1977,0.0
12/20/1977,0.0
12/21/1977,11.3
12/28/1977,23.3
01/04/1978,26.1
01/11/1978,28.8
01/18/1978,60.9
01/25/1978,54.1
02/01/1978,66.1
02/08/1978,76.6
02/15/1978,77.8
02/22/1978,93.8
03/01/1978,95.8
03/08/1978,93.7
03/15/1978,87.1
03/22/1978,53.1
03/29/1978,48.2
04/05/1978,42.1
04/12/1978,32.0
04/19/1978,17.8
04/26/1978,11.5
05/03/1978,7.5
05/04/1978,0.0
12/17/1978,0.0
12/18/1978,9.3
12/25/1978,5.0
12/27/1978,15.7
01/01/1979,19.0
01/08/1979,44.0
01/15/1979,47.2
01/22/1979,56.6
01/29/1979,41.5
02/05/1979,82.8
02/12/1979,95.3
02/19/1979,96.4
02/26/1979,95.1
03/05/1979,77.3
03/12/1979,84.3
03/19/1979,60.4
03/26/1979,56.2
04/02/1979,31.1
04/09/1979,21.1
04/16/1979,13.6
04/23/1979,11.7
04/30/1979,5.0
05/07/1979,5.0
05/14/1979,5.0
05/15/1979,0.0
01/01/1980,0.0
01/02/1980,13.3
01/09/1980,14.1
01/16/1980,14.9
01/24/1980,27.0
01/30/1980,39.0
02/06/1980,58.7
02/13/1980,53.7
02/20/1980,49.9
02/27/1980,55.8
03/05/1980,72.7
03/12/1980,46.6
03/19/1980,42.1
03/26/1980,32.9
04/02/1980,45.5
04/09/1980,16.4
04/16/1980,10.8
04/17/1980,0.0
12/23/1980,0.0
12/24/1980,21.2
01/07/1981,58.7
01/14/1981,58.2
01/21/1981,65.3
01/28/1981,59.4
02/04/1981,95.3
02/11/1981,84.0
02/18/1981,75.6
02/25/1981,46.6
03/04/1981,41.5
03/11/1981,32.7
03/18/1981,43.9
03/25/1981,33.7
04/01/1981,23.9
04/08/1981,18.5
04/15/1981,10.0
04/16/1981,0.0
12/20/1981,0.0
12/21/1981,5.3
12/29/1981,7.5
01/04/1982,13.5
01/11/1982,29.1
01/18/1982,58.1
01/25/1982,62.6
02/02/1982,69.7
02/09/1982,73.6
02/17/1982,82.9
02/23/1982,79.6
03/03/1982,80.9
03/09/1982,93.4
03/17/1982,61.1
03/23/1982,55.9
03/29/1982,47.5
04/06/1982,32.6
04/13/1982,32.0
04/20/1982,22.2
04/26/1982,18.9
05/05/1982,12.6
05/12/1982,6.3
05/17/1982,5.0
05/18/1982,0.0
12/20/1982,0.0
12/21/1982,5.0
12/27/1982,5.0
01/03/1983,5.8
01/11/1983,6.0
01/18/1983,33.9
01/25/1983,30.2
02/01/1983,35.3
02/08/1983,33.7
02/14/1983,29.4
02/23/1983,31.5
03/01/1983,20.5
03/08/1983,17.5
03/15/1983,14.0
03/23/1983,16.2
03/30/1983,13.0
04/05/1983,11.1
04/12/1983,5.7
04/19/1983,5.6
04/26/1983,5.0
05/03/1983,5.0
05/04/1983,0.0
12/19/1983,0.0
12/20/1983,18.2
12/27/1983,24.9
01/03/1984,35.8
01/10/1984,28.7
01/18/1984,59.7
01/24/1984,42.7
02/01/1984,69.4
02/08/1984,77.4
02/15/1984,54.2
02/22/1984,37.4
02/29/1984,35.3
03/07/1984,76.0
03/15/1984,78.5
03/22/1984,35.1
03/24/1984,60.2
03/29/1984,39.4
04/05/1984,30.8
04/08/1984,22.2
04/12/1984,20.8
04/19/1984,15.4
04/26/1984,6.6
05/03/1984,0.0
05/04/1984,0.0
12/21/1984,0.0
12/22/1984,3.0
12/28/1984,8.6
01/05/1985,26.3
01/12/1985,40.8
01/19/1985,40.4
01/26/1985,47.2
02/02/1985,56.1
02/09/1985,67.1
02/16/1985,72.2
02/23/1985,87.9
03/02/1985,40.9
03/09/1985,58.5
03/16/1985,29.2
03/23/1985,39.9
03/30/1985,26.3
04/06/1985,16.6
04/13/1985,15.2
04/20/1985,12.1
04/27/1985,5.0
04/28/1985,0.0
12/13/1985,0.0
12/14/1985,8.6
12/21/1985,27.2
12/28/1985,22.5
01/04/1986,34.1
01/11/1986,24.5
01/18/1986,33.5
01/25/1986,46.2
02/01/1986,67.6
02/08/1986,53.2
02/15/1986,68.7
02/22/1986,74.0
03/01/1986,73.6
03/08/1986,68.3
03/15/1986,68.2
03/22/1986,69.8
03/29/1986,26.5
04/05/1986,21.7
04/12/1986,13.7
04/19/1986,9.0
04/23/1986,2.9
04/24/1986,0.0
12/26/1986,0.0
12/27/1986,6.7
01/03/1987,4.5
01/10/1987,2.6
01/17/1987,7.4
01/24/1987,25.9
02/01/1987,39.2
02/07/1987,24.1
02/14/1987,45.9
02/21/1987,44.9
02/28/1987,38.2
03/07/1987,20.4
03/14/1987,27.7
03/21/1987,17.2
03/28/1987,11.9
04/05/1987,10.6
04/06/1987,0.0
01/02/1988,0.0
01/03/1988,7.5
01/10/1988,38.8
01/17/1988,32.1
01/24/1988,23.9
01/31/1988,26.9
02/07/1988,55.8
02/14/1988,56.3
02/21/1988,56.2
02/28/1988,52.0
03/06/1988,61.6
03/13/1988,51.9
03/20/1988,44.5
03/27/1988,32.1
04/03/1988,18.9
04/10/1988,12.6
04/17/1988,7.7
04/18/1988,0.0
12/13/1988,0.0
12/14/1988,7.5
12/16/1988,7.9
12/19/1988,5.0
12/21/1988,4.0
12/23/1988,4.3
12/26/1988,7.2
12/28/1988,7.2
12/30/1988,9.8
01/02/1989,11.5
01/04/1989,15.0
01/06/1989,18.8
01/09/1989,19.6
01/11/1989,30.6
01/13/1989,26.1
01/16/1989,28.1
01/18/1989,30.8
01/20/1989,23.3
01/23/1989,22.3
01/25/1989,20.9
01/27/1989,24.8
01/30/1989,17.9
02/01/1989,17.3
02/03/1989,18.5
02/06/1989,28.2
02/08/1989,41.7
02/10/1989,38.6
02/13/1989,41.6
02/15/1989,32.1
02/17/1989,42.9
02/20/1989,41.9
02/22/1989,42.1
02/24/1989,43.5
02/27/1989,52.7
03/01/1989,41.5
03/03/1989,50.8
03/06/1989,42.8
03/08/1989,57.7
03/10/1989,70.6
03/13/1989,55.1
03/15/1989,57.5
03/17/1989,65.5
03/20/1989,67.4
03/22/1989,66.9
03/24/1989,70.1
03/27/1989,56.5
03/29/1989,54.5
03/31/1989,31.1
04/03/1989,24.2
04/05/1989,21.5
04/07/1989,21.0
04/10/1989,22.9
04/12/1989,18.3
04/14/1989,12.2
04/17/1989,13.6
04/19/1989,11.3
04/21/1989,10.9
04/24/1989,10.2
04/26/1989,8.8
04/28/1989,7.5
05/01/1989,2.9
05/03/1989,1.6
05/05/1989,0.6
05/08/1989,0.0
05/09/1989,0.0
12/12/1989,0.0
12/13/1989,4.8
12/15/1989,13.3
12/18/1989,15.8
12/20/1989,15.3
12/22/1989,19.9
12/25/1989,21.4
12/27/1989,28.7
12/29/1989,29.6
01/01/1990,28.8
01/03/1990,29.5
01/05/1990,25.1
01/08/1990,30.4
01/10/1990,24.8
01/12/1990,25.4
01/16/1990,28.7
01/17/1990,28.6
01/19/1990,33.9
01/22/1990,42.5
01/24/1990,36.0
01/26/1990,24.3
01/29/1990,22.7
01/31/1990,30.1
02/02/1990,23.5
02/05/1990,37.3
02/07/1990,36.6
02/09/1990,37.1
02/12/1990,29.4
02/14/1990,23.6
02/16/1990,24.2
02/19/1990,43.4
02/21/1990,37.4
02/23/1990,33.0
02/26/1990,51.9
02/28/1990,57.4
03/02/1990,54.3
03/05/1990,63.0
03/07/1990,74.7
03/09/1990,70.9
03/12/1990,64.8
03/14/1990,54.6
03/16/1990,33.7
03/19/1990,31.4
03/21/1990,26.3
03/23/1990,19.6
03/26/1990,18.0
03/28/1990,16.4
03/30/1990,15.0
04/02/1990,14.0
04/04/1990,11.7
04/06/1990,10.9
04/09/1990,10.3
04/11/1990,9.8
04/13/1990,10.1
04/16/1990,5.5
04/18/1990,5.5
04/20/1990,5.0
04/23/1990,4.8
04/25/1990,3.1
04/27/1990,0.1
04/28/1990,0.0
12/27/1990,0.0
12/28/1990,1.0
12/30/1990,1.9
01/02/1991,2.1
01/04/1991,2.1
01/07/1991,14.2
01/09/1991,18.0
01/11/1991,22.6
01/14/1991,32.9
01/16/1991,34.2
01/18/1991,31.3
01/21/1991,27.2
01/23/1991,29.0
01/25/1991,35.8
01/28/1991,36.6
01/30/1991,27.7
02/01/1991,40.1
02/04/1991,38.1
02/06/1991,21.4
02/08/1991,18.9
02/11/1991,17.4
02/13/1991,18.4
02/15/1991,33.7
02/18/1991,29.4
02/20/1991,32.2
02/22/1991,21.4
02/25/1991,32.4
02/27/1991,40.3
03/01/1991,37.3
03/04/1991,28.5
03/06/1991,25.5
03/08/1991,22.5
03/11/1991,30.4
03/13/1991,32.3
03/15/1991,22.0
03/18/1991,19.1
03/20/1991,17.1
03/22/1991,17.2
03/25/1991,14.0
03/27/1991,12.5
03/29/1991,11.0
04/01/1991,9.7
04/03/1991,9.1
04/05/1991,8.7
04/08/1991,7.9
04/10/1991,7.3
04/12/1991,5.1
04/15/1991,5.6
04/17/1991,5.9
04/19/1991,4.4
04/22/1991,1.3
04/24/1991,0.4
04/26/1991,0.1
04/29/1991,0.0
05/01/1991,0.0
05/02/1991,0.0
12/05/1991,0.0
12/06/1991,1.0
12/09/1991,0.9
12/11/1991,0.1
12/13/1991,0.0
12/16/1991,0.1
12/18/1991,0.4
12/20/1991,3.3
12/23/1991,2.6
12/24/1991,6.4
12/27/1991,7.5
12/30/1991,3.3
12/31/1991,6.2
01/03/1992,5.0
01/06/1992,3.9
01/08/1992,5.7
01/10/1992,8.0
01/13/1992,9.9
01/15/1992,10.3
01/17/1992,18.6
01/20/1992,18.8
01/22/1992,21.3
01/24/1992,22.8
01/27/1992,23.1
01/29/1992,41.2
01/31/1992,41.1
02/03/1992,53.6
02/05/1992,40.8
02/07/1992,39.7
02/10/1992,45.8
02/12/1992,44.2
02/14/1992,42.4
02/17/1992,40.7
02/19/1992,37.0
02/21/1992,26.9
02/24/1992,36.5
02/26/1992,31.7
02/28/1992,29.1
03/02/1992,40.3
03/04/1992,37.6
03/06/1992,27.1
03/09/1992,21.9
03/11/1992,19.8
03/13/1992,39.2
03/17/1992,53.8
03/18/1992,53.2
03/20/1992,44.1
03/23/1992,70.7
03/25/1992,58.2
03/27/1992,57.2
03/30/1992,31.4
04/01/1992,24.2
04/03/1992,32.6
04/06/1992,19.4
04/08/1992,16.5
04/10/1992,16.7
04/13/1992,14.0
04/15/1992,13.1
04/17/1992,13.0
04/20/1992,12.4
04/22/1992,10.6
04/24/1992,9.6
04/27/1992,7.2
04/29/1992,6.4
05/01/1992,5.6
05/04/1992,2.7
05/06/1992,0.2
05/08/1992,0.2
05/11/1992,0.0
05/12/1992,0.0
12/13/1992,0.0
12/14/1992,0.0
12/16/1992,0.0
12/18/1992,0.0
12/21/1992,0.0
12/23/1992,0.3
12/25/1992,3.8
12/28/1992,11.3
12/30/1992,15.1
01/01/1993,14.5
01/04/1993,8.5
01/06/1993,9.1
01/08/1993,10.2
01/11/1993,16.1
01/13/1993,29.7
01/15/1993,29.3
01/18/1993,21.6
01/20/1993,23.8
01/22/1993,20.3
01/25/1993,19.4
01/27/1993,23.2
01/29/1993,22.1
02/01/1993,22.2
02/03/1993,24.0
02/05/1993,27.6
02/08/1993,31.8
02/10/1993,49.0
02/12/1993,48.5
02/15/1993,46.7
02/17/1993,48.1
02/19/1993,52.2
02/22/1993,64.8
02/24/1993,62.4
02/26/1993,74.1
03/01/1993,79.1
03/03/1993,58.8
03/05/1993,60.9
03/08/1993,42.7
03/10/1993,44.5
03/12/1993,37.0
03/15/1993,44.9
03/17/1993,45.0
03/19/1993,45.7
03/22/1993,61.7
03/24/1993,52.7
03/26/1993,49.0
03/29/1993,42.8
03/31/1993,37.7
04/02/1993,36.1
04/05/1993,26.5
04/07/1993,18.1
04/09/1993,15.8
04/12/1993,14.7
04/14/1993,13.0
04/16/1993,12.7
04/19/1993,10.0
04/21/1993,7.7
04/23/1993,6.5
04/26/1993,4.3
04/28/1993,2.4
04/30/1993,1.2
05/03/1993,1.0
05/05/1993,0.0
12/03/1993,0.0
12/06/1993,0.0
12/08/1993,0.0
12/10/1993,0.0
12/13/1993,0.0
12/15/1993,0.0
12/17/1993,0.0
12/20/1993,0.0
12/22/1993,0.0
12/27/1993,12.1
01/03/1994,23.7
01/05/1994,29.2
01/07/1994,30.6
01/10/1994,40.8
01/12/1994,38.4
01/17/1994,62.0
01/19/1994,55.2
01/21/1994,67.2
01/24/1994,69.2
01/26/1994,66.6
01/28/1994,66.4
01/31/1994,89.1
02/02/1994,95.0
02/04/1994,91.5
02/07/1994,90.8
02/09/1994,98.5
02/11/1994,96.6
02/14/1994,96.6
02/16/1994,94.8
02/21/1994,88.6
02/23/1994,92.6
02/25/1994,91.5
02/28/1994,95.7
03/02/1994,98.0
03/04/1994,96.6
03/07/1994,95.5
03/09/1994,88.5
03/11/1994,83.3
03/14/1994,87.1
03/16/1994,84.9
03/18/1994,75.9
03/21/1994,79.7
03/23/1994,72.2
03/25/1994,69.1
03/28/1994,55.2
03/30/1994,59.4
04/01/1994,52.1
04/04/1994,44.2
04/06/1994,37.8
04/08/1994,37.8
04/11/1994,36.3
04/13/1994,32.4
04/15/1994,28.4
04/18/1994,16.8
04/20/1994,13.7
04/22/1994,11.4
04/25/1994,6.0
04/27/1994,6.2
04/29/1994,5.7
05/02/1994,0.2
05/04/1994,0.1
05/06/1994,0.0
05/11/1994,0.0
05/13/1994,0.0
12/09/1994,0.0
12/12/1994,0.8
12/14/1994,1.0
12/16/1994,1.4
12/19/1994,0.8
12/21/1994,0.2
12/23/1994,0.0
12/26/1994,0.0
12/28/1994,0.0
12/30/1994,0.0
01/02/1995,0.0
01/04/1995,0.5
01/06/1995,10.7
01/09/1995,6.4
01/11/1995,15.9
01/13/1995,12.5
01/16/1995,6.9
01/18/1995,7.2
01/20/1995,6.0
01/23/1995,5.6
01/25/1995,8.2
01/27/1995,14.8
01/30/1995,16.8
02/01/1995,18.8
02/03/1995,17.0
02/06/1995,23.3
02/08/1995,38.4
02/10/1995,36.1
02/13/1995,40.4
02/15/1995,42.8
02/17/1995,36.4
02/20/1995,34.4
02/22/1995,22.9
02/24/1995,27.4
02/27/1995,36.7
03/01/1995,54.0
03/03/1995,44.8
03/06/1995,47.2
03/08/1995,42.0
03/10/1995,59.7
03/13/1995,50.4
03/15/1995,37.5
03/17/1995,38.4
03/20/1995,30.7
03/22/1995,19.2
03/24/1995,15.6
03/27/1995,12.3
03/29/1995,13.6
03/31/1995,11.4
04/03/1995,9.4
04/05/1995,7.0
04/07/1995,5.9
04/10/1995,5.5
04/12/1995,5.2
04/14/1995,5.2
04/19/1995,1.9
04/21/1995,0.4
04/24/1995,0.0
04/26/1995,0.0
04/28/1995,0.0
05/01/1995,0.0
05/03/1995,0.0
05/05/1995,0.0
05/08/1995,0.0
05/10/1995,0.0
11/17/1995,0.0
11/20/1995,0.0
11/22/1995,0.0
11/27/1995,0.0
11/29/1995,0.0
12/04/1995,0.0
12/06/1995,0.0
12/08/1995,3.9
12/11/1995,10.1
12/18/1995,15.3
12/22/1995,16.1
12/25/1995,17.3
12/27/1995,22.3
12/29/1995,20.7
01/01/1996,20.8
01/03/1996,21.9
01/05/1996,33.2
01/12/1996,52.3
01/15/1996,43.6
01/17/1996,52.4
01/19/1996,40.8
01/22/1996,54.2
01/24/1996,31.4
01/26/1996,29.1
01/29/1996,27.9
01/31/1996,50.5
02/02/1996,67.5
02/05/1996,90.9
02/07/1996,81.7
02/09/1996,69.6
02/12/1996,59.6
02/14/1996,65.0
02/16/1996,90.5
02/19/1996,98.2
02/21/1996,90.9
02/23/1996,70.6
02/26/1996,65.6
02/28/1996,69.5
03/01/1996,75.9
03/04/1996,91.2
03/06/1996,84.6
03/08/1996,98.2
03/11/1996,88.6
03/13/1996,73.3
03/18/1996,76.6
03/20/1996,77.2
03/22/1996,49.7
03/25/1996,42.8
03/27/1996,43.7
04/01/1996,53.9
04/03/1996,45.5
04/05/1996,28.0
04/08/1996,29.2
04/10/1996,29.5
04/12/1996,27.2
04/15/1996,24.2
04/17/1996,22.3
04/19/1996,21.4
04/22/1996,20.3
04/24/1996,17.1
04/26/1996,14.6
04/29/1996,10.4
05/01/1996,9.2
05/03/1996,5.5
05/06/1996,4.2
05/08/1996,2.8
05/10/1996,1.7
05/13/1996,0.4
05/15/1996,0.2
05/17/1996,0.2
05/20/1996,0.0
05/22/1996,0.0
05/24/1996,0.0
05/29/1996,0.0
05/31/1996,0.0
11/26/1996,0.0
11/29/1996,0.0
12/03/1996,0.0
12/06/1996,0.0
12/10/1996,0.0
12/13/1996,0.0
12/17/1996,0.0
12/20/1996,2.8
12/24/1996,2.7
12/27/1996,12.2
12/31/1996,10.0
01/03/1997,10.1
01/07/1997,12.9
01/10/1997,11.0
01/14/1997,18.0
01/17/1997,25.7
01/21/1997,39.1
01/24/1997,35.8
01/28/1997,53.1
01/31/1997,62.3
02/04/1997,53.5
02/07/1997,40.9
02/11/1997,57.4
02/14/1997,62.3
02/18/1997,65.4
02/21/1997,47.1
02/25/1997,61.8
02/28/1997,64.5
03/04/1997,46.0
03/07/1997,46.2
03/11/1997,42.2
03/14/1997,43.4
03/18/1997,44.1
03/21/1997,57.0
03/25/1997,51.3
03/28/1997,36.8
04/01/1997,36.1
04/04/1997,32.7
04/08/1997,28.3
04/11/1997,21.6
04/15/1997,19.5
04/18/1997,16.0
04/22/1997,14.6
04/25/1997,12.8
04/29/1997,12.5
05/02/1997,4.4
05/06/1997,0.8
05/09/1997,0.0
05/13/1997,0.0
12/02/1997,0.0
12/05/1997,0.0
12/09/1997,0.0
12/12/1997,0.1
12/16/1997,0.0
12/19/1997,0.0
12/23/1997,0.9
12/26/1997,0.5
12/30/1997,2.0
01/02/1998,10.0
01/06/1998,5.7
01/09/1998,3.8
01/13/1998,8.8
01/16/1998,18.0
01/20/1998,21.4
01/23/1998,22.3
01/27/1998,27.3
01/30/1998,21.3
02/03/1998,20.6
02/06/1998,29.7
02/10/1998,26.8
02/13/1998,27.6
02/17/1998,22.5
02/20/1998,16.0
02/24/1998,15.2
02/27/1998,15.6
03/03/1998,13.1
03/06/1998,10.9
03/10/1998,9.5
03/13/1998,15.1
03/17/1998,15.6
03/20/1998,14.0
03/24/1998,11.4
03/27/1998,9.5
03/31/1998,4.8
04/03/1998,1.8
04/07/1998,3.1
04/10/1998,3.2
04/14/1998,0.7
04/17/1998,0.4
04/21/1998,0.0
04/24/1998,0.0
12/15/1998,0.0
12/18/1998,0.0
12/25/1998,1.7
01/01/1999,6.9
01/08/1999,27.8
01/15/1999,29.3
01/22/1999,19.9
01/29/1999,19.0
02/05/1999,17.1
02/12/1999,16.4
02/19/1999,21.8
02/26/1999,27.9
03/05/1999,16.7
03/12/1999,19.8
03/19/1999,13.6
03/26/1999,11.0
04/02/1999,10.2
04/09/1999,5.7
04/16/1999,0.6
04/23/1999,0.0
04/30/1999,0.0
12/03/1999,0.0
12/10/1999,0.0
12/17/1999,0.1
12/24/1999,3.9
12/31/1999,8.9
01/07/2000,8.9
01/14/2000,15.4
01/21/2000,34.8
01/28/2000,40.4
02/04/2000,29.4
02/11/2000,31.2
02/18/2000,42.0
02/25/2000,31.6
03/03/2000,15.3
03/10/2000,12.0
03/17/2000,10.1
03/24/2000,6.6
03/31/2000,3.2
04/07/2000,0.4
04/14/2000,0.1
04/21/2000,0.0
04/28/2000,0.0
12/01/2000,0.0
12/05/2000,0.6
12/07/2000,2.1
12/11/2000,7.6
12/14/2000,8.9
12/21/2000,10.4
12/25/2000,26.0
12/28/2000,22.9
01/01/2001,27.5
01/04/2001,24.0
01/08/2001,34.2
01/11/2001,27.8
01/15/2001,31.6
01/18/2001,27.1
01/22/2001,41.6
01/25/2001,26.6
01/29/2001,35.0
02/01/2001,27.4
02/05/2001,37.6
02/08/2001,34.8
02/12/2001,41.7
02/15/2001,40.6
02/19/2001,46.4
02/22/2001,43.0
02/26/2001,29.1
03/01/2001,34.2
03/05/2001,42.3
03/08/2001,41.9
03/12/2001,35.2
03/15/2001,29.2
03/19/2001,31.2
03/22/2001,27.5
03/26/2001,22.5
03/29/2001,19.5
04/02/2001,16.3
04/05/2001,16.6
04/09/2001,13.9
04/12/2001,13.1
04/16/2001,9.2
04/19/2001,6.0
04/23/2001,1.5
04/26/2001,0.4
04/30/2001,0.0
05/03/2001,0.0
12/03/2001,0.0
12/07/2001,0.0
12/10/2001,0.0
12/13/2001,0.0
12/17/2001,1.1
12/20/2001,0.9
12/24/2001,0.4
12/27/2001,3.1
12/31/2001,2.6
01/03/2002,5.0
01/07/2002,6.0
01/10/2002,7.1
01/14/2002,3.0
01/17/2002,4.6
01/21/2002,8.3
01/24/2002,5.9
01/28/2002,6.7
01/31/2002,8.1
02/04/2002,13.0
02/07/2002,12.3
02/11/2002,22.9
02/14/2002,16.0
02/18/2002,21.1
02/21/2002,15.3
02/25/2002,13.3
02/28/2002,13.0
03/04/2002,26.5
03/07/2002,23.9
03/11/2002,19.5
03/14/2002,15.6
03/18/2002,17.6
03/21/2002,14.5
03/25/2002,25.1
03/28/2002,17.9
04/01/2002,11.3
04/04/2002,9.4
04/08/2002,9.0
04/11/2002,9.2
04/15/2002,7.9
04/18/2002,7.6
04/22/2002,1.7
04/25/2002,0.6
04/29/2002,0.4
05/02/2002,0.0
05/09/2002,0.0
12/01/2002,0.0
12/02/2002,0.4
12/05/2002,3.9
12/09/2002,3.7
12/12/2002,3.2
12/16/2002,4.3
12/19/2002,3.6
12/23/2002,4.4
12/26/2002,4.5
12/30/2002,3.4
01/02/2003,6.9
01/06/2003,15.0
01/09/2003,11.7
01/13/2003,14.7
01/16/2003,22.1
01/20/2003,30.9
01/23/2003,36.7
01/27/2003,54.2
01/30/2003,44.5
02/03/2003,46.1
02/06/2003,55.3
02/10/2003,52.9
02/13/2003,68.6
02/17/2003,91.4
02/20/2003,73.4
02/24/2003,79.0
02/27/2003,94.9
03/03/2003,96.1
03/10/2003,96.2
03/13/2003,90.9
03/17/2003,84.8
03/20/2003,81.0
03/24/2003,73.8
03/27/2003,71.5
03/31/2003,39.2
04/03/2003,40.7
04/07/2003,36.1
04/10/2003,37.1
04/14/2003,24.8
04/21/2003,15.4
04/24/2003,13.7
04/28/2003,8.6
05/01/2003,4.8
05/05/2003,1.6
05/08/2003,0.0
05/12/2003,0.0
05/15/2003,0.0
05/19/2003,0.0
05/22/2003,0.0
05/26/2003,0.0
05/29/2003,0.0
12/01/2003,0.0
12/03/2003,0.1
12/08/2003,0.2
12/11/2003,0.5
12/15/2003,2.8
12/18/2003,3.7
12/22/2003,3.9
12/25/2003,5.0
12/29/2003,3.8
01/01/2004,4.0
01/05/2004,4.1
01/08/2004,19.4
01/12/2004,20.5
01/15/2004,33.1
01/19/2004,31.2
01/22/2004,28.4
01/26/2004,50.2
01/29/2004,54.8
02/02/2004,64.8
02/05/2004,52.6
02/09/2004,51.4
02/12/2004,58.4
02/16/2004,57.9
02/19/2004,64.4
02/23/2004,49.1
02/26/2004,57.0
03/01/2004,44.9
03/04/2004,38.5
03/08/2004,30.0
03/11/2004,33.7
03/15/2004,25.2
03/18/2004,36.1
03/22/2004,22.3
03/25/2004,22.7
03/29/2004,22.1
04/01/2004,21.1
04/05/2004,12.8
04/08/2004,10.7
04/12/2004,10.6
04/15/2004,9.7
04/19/2004,5.9
04/22/2004,4.2
04/26/2004,0.6
04/29/2004,0.4
05/03/2004,0.0
05/06/2004,0.0
12/02/2004,0.0
12/06/2004,0.0
12/09/2004,0.0
12/13/2004,0.3
12/16/2004,1.7
12/20/2004,7.9
12/23/2004,11.6
12/27/2004,16.5
12/30/2004,17.4
01/03/2005,10.6
01/06/2005,18.5
01/10/2005,17.3
01/13/2005,15.2
01/17/2005,30.0
01/20/2005,35.4
01/24/2005,46.2
01/27/2005,50.4
01/31/2005,54.9
02/03/2005,54.8
02/07/2005,35.8
02/10/2005,35.1
02/14/2005,38.8
02/17/2005,30.0
02/21/2005,43.5
02/24/2005,51.2
02/28/2005,47.8
03/03/2005,49.5
03/07/2005,58.8
03/10/2005,59.8
03/14/2005,54.3
03/17/2005,55.4
03/21/2005,41.9
03/24/2005,41.3
03/28/2005,38.9
03/31/2005,37.6
04/04/2005,15.9
04/07/2005,14.3
04/11/2005,12.2
04/14/2005,9.6
04/18/2005,8.6
04/21/2005,3.9
04/25/2005,0.5
04/28/2005,0.1
05/02/2005,0.0
05/05/2005,0.0
05/09/2005,0.0
11/27/2005,0.0
11/28/2005,0.2
12/01/2005,0.1
12/05/2005,0.3
12/08/2005,4.4
12/12/2005,2.8
12/15/2005,9.1
12/20/2005,7.2
12/22/2005,10.0
12/26/2005,9.1
12/29/2005,7.3
01/02/2006,10.2
01/05/2006,7.6
01/09/2006,14.0
01/12/2006,10.9
01/16/2006,14.8
01/19/2006,16.5
01/23/2006,13.9
01/26/2006,16.1
01/30/2006,14.4
02/02/2006,15.7
02/06/2006,12.8
02/09/2006,27.0
02/13/2006,28.9
02/16/2006,22.8
02/20/2006,29.2
02/23/2006,23.5
02/27/2006,31.4
03/02/2006,33.1
03/06/2006,29.4
03/09/2006,32.7
03/13/2006,24.1
03/16/2006,14.6
03/20/2006,16.4
03/23/2006,15.3
03/27/2006,13.5
03/30/2006,13.6
04/03/2006,10.1
04/06/2006,8.9
04/10/2006,6.1
04/13/2006,5.2
04/17/2006,1.4
04/20/2006,0.3
04/24/2006,0.1
04/27/2006,0.0
05/01/2006,0.0
05/04/2006,0.0
12/04/2006,0.0
12/07/2006,0.2
12/11/2006,0.9
12/14/2006,0.4
12/18/2006,0.1
12/21/2006,0.2
12/25/2006,0.7
12/28/2006,0.4
01/01/2007,0.7
01/04/2007,0.3
01/08/2007,0.0
01/11/2007,0.7
01/15/2007,1.0
01/18/2007,11.5
01/22/2007,14.9
01/25/2007,17.9
01/29/2007,25.3
02/01/2007,30.4
02/05/2007,31.8
02/08/2007,34.3
02/12/2007,41.7
02/15/2007,53.9
02/19/2007,57.3
02/22/2007,48.4
02/26/2007,47.3
03/01/2007,54.7
03/05/2007,46.9
03/08/2007,71.9
03/12/2007,50.1
03/15/2007,40.7
03/19/2007,35.3
03/22/2007,39.9
03/26/2007,24.6
03/29/2007,25.9
04/02/2007,21.0
04/05/2007,11.7
04/09/2007,6.9
04/12/2007,6.8
04/16/2007,4.1
04/19/2007,3.0
04/23/2007,1.7
04/26/2007,0.6
04/30/2007,0.2
05/03/2007,0.1
05/07/2007,0.0
05/10/2007,0.0
11/26/2007,0.0
11/29/2007,0.0
12/03/2007,1.5
12/06/2007,4.7
12/10/2007,4.8
12/13/2007,5.9
12/17/2007,11.8
12/20/2007,8.1
12/24/2007,6.8
12/27/2007,7.3
12/31/2007,6.1
01/03/2008,8.6
01/07/2008,8.8
01/10/2008,6.0
01/14/2008,7.9
01/17/2008,10.0
01/21/2008,25.1
01/24/2008,20.8
01/28/2008,25.9
01/31/2008,25.2
02/04/2008,26.3
02/07/2008,25.3
02/11/2008,41.3
02/14/2008,48.0
02/18/2008,27.2
02/21/2008,48.3
02/25/2008,38.5
02/28/2008,51.3
03/03/2008,48.7
03/06/2008,46.3
03/10/2008,58.0
03/13/2008,53.6
03/17/2008,60.4
03/19/2008,49.8
03/20/2008,36.2
03/25/2008,35.4
03/26/2008,28.5
03/27/2008,28.8
04/01/2008,24.3
04/02/2008,18.1
04/03/2008,17.4
04/08/2008,14.0
04/09/2008,13.1
04/10/2008,12.6
04/15/2008,10.1
04/16/2008,10.0
04/17/2008,9.1
04/21/2008,6.8
04/24/2008,2.8
04/28/2008,0.8
05/01/2008,0.5
05/05/2008,0.4
05/08/2008,0.0
05/12/2008,0.0
05/15/2008,0.0
12/07/2008,0.0
12/08/2008,5.4
12/11/2008,6.2
12/15/2008,8.5
12/18/2008,10.3
12/22/2008,18.0
12/25/2008,16.4
12/29/2008,11.3
01/01/2009,15.6
01/05/2009,22.9
01/08/2009,24.7
01/12/2009,33.0
01/15/2009,53.1
01/19/2009,55.0
01/22/2009,47.9
01/26/2009,59.6
01/29/2009,57.6
02/02/2009,49.8
02/05/2009,73.8
02/09/2009,46.6
02/12/2009,47.3
02/16/2009,57.2
02/19/2009,55.3
02/23/2009,63.9
02/26/2009,66.6
03/02/2009,85.5
03/05/2009,79.6
03/10/2009,62.4
03/12/2009,60.2
03/17/2009,50.9
03/19/2009,37.1
03/24/2009,29.4
03/26/2009,27.8
03/31/2009,18.1
04/01/2009,14.7
04/02/2009,14.0
04/07/2009,11.9
04/09/2009,11.0
04/14/2009,10.6
04/16/2009,9.8
04/20/2009,7.1
04/23/2009,2.0
04/27/2009,0.6
04/30/2009,0.5
05/04/2009,0.0
05/07/2009,0.0
12/06/2009,0.0
12/07/2009,0.1
12/09/2009,0.1
12/14/2009,2.0
12/17/2009,5.3
12/21/2009,5.2
12/24/2009,6.2
12/28/2009,4.3
12/31/2009,8.9
01/05/2010,16.9
01/06/2010,17.1
01/07/2010,17.3
01/09/2010,16.4
01/10/2010,17.9
01/12/2010,22.5
01/13/2010,23.4
01/14/2010,20.9
01/19/2010,14.9
01/21/2010,20.4
01/25/2010,14.7
01/28/2010,18.2
02/01/2010,21.9
02/04/2010,32.3
02/08/2010,36.6
02/15/2010,37.0
02/18/2010,38.8
02/22/2010,24.4
02/25/2010,24.2
03/01/2010,19.2
03/04/2010,18.4
03/09/2010,19.2
03/10/2010,19.4
03/11/2010,19.1
03/13/2010,17.1
03/14/2010,17.1
03/16/2010,13.8
03/17/2010,13.5
03/18/2010,13.9
03/23/2010,7.8
03/24/2010,7.3
03/25/2010,6.5
03/30/2010,5.1
04/01/2010,4.7
04/05/2010,1.4
04/08/2010,0.9
04/12/2010,0.0
04/15/2010,0.0
12/01/2010,0.0
12/02/2010,0.1
12/07/2010,0.4
12/09/2010,3.5
12/14/2010,5.8
12/16/2010,11.0
12/17/2010,11.2
12/18/2010,10.9
12/19/2010,10.7
12/20/2010,10.5
12/21/2010,13.2
12/22/2010,12.1
12/23/2010,9.9
12/24/2010,10.1
12/25/2010,10.3
12/26/2010,9.8
12/27/2010,9.2
12/28/2010,13.4
12/29/2010,14.3
12/30/2010,13.8
12/31/2010,12.2
01/01/2011,12.3
01/02/2011,12.4
01/03/2011,7.2
01/04/2011,9.3
01/05/2011,9.5
01/06/2011,12.8
01/07/2011,11.2
01/08/2011,13.0
01/09/2011,15.0
01/10/2011,19.0
01/11/2011,24.9
01/12/2011,20.5
01/13/2011,20.0
01/14/2011,23.5
01/15/2011,28.1
01/16/2011,24.2
01/17/2011,31.5
01/18/2011,27.4
01/19/2011,26.3
01/20/2011,28.3
01/21/2011,35.4
01/22/2011,31.8
01/23/2011,41.9
01/24/2011,48.9
01/25/2011,49.1
01/26/2011,36.9
01/27/2011,40.5
01/28/2011,39.6
01/29/2011,46.0
01/30/2011,49.2
01/31/2011,52.9
02/01/2011,59.8
02/02/2011,52.7
02/03/2011,47.9
02/04/2011,43.1
02/05/2011,39.4
02/06/2011,39.2
02/07/2011,44.3
02/08/2011,47.3
02/09/2011,46.1
02/10/2011,50.1
02/11/2011,49.4
02/12/2011,55.8
02/13/2011,54.7
02/14/2011,33.8
02/15/2011,32.5
02/16/2011,40.1
02/17/2011,40.7
02/18/2011,38.9
02/19/2011,21.3
02/20/2011,20.8
02/21/2011,36.5
02/22/2011,44.6
02/23/2011,52.2
02/24/2011,63.8
02/25/2011,60.9
02/26/2011,48.1
02/27/2011,48.5
02/28/2011,58.5
03/01/2011,60.1
03/02/2011,49.5
03/03/2011,54.1
03/04/2011,51.8
03/05/2011,51.9
03/06/2011,52.4
03/07/2011,55.2
03/08/2011,49.8
03/09/2011,61.4
03/10/2011,46.0
03/11/2011,41.6
03/12/2011,39.7
03/13/2011,39.8
03/14/2011,30.9
03/15/2011,52.6
03/16/2011,36.0
03/17/2011,40.6
03/18/2011,40.9
03/19/2011,42.4
03/20/2011,30.5
03/21/2011,37.6
03/22/2011,30.2
03/23/2011,24.0
03/24/2011,22.0
03/25/2011,31.3
03/26/2011,29.4
03/27/2011,30.2
03/28/2011,33.2
03/29/2011,32.5
03/30/2011,45.9
03/31/2011,31.2
04/01/2011,30.9
04/02/2011,32.5
04/03/2011,25.5
04/04/2011,19.3
04/05/2011,16.5
04/06/2011,13.4
04/07/2011,13.2
04/08/2011,13.2
04/09/2011,12.9
04/10/2011,14.1
04/11/2011,10.4
04/12/2011,8.0
04/13/2011,7.4
04/14/2011,7.1
04/15/2011,6.0
04/16/2011,5.4
04/17/2011,2.9
04/18/2011,1.2
04/19/2011,1.1
04/20/2011,0.8
04/21/2011,0.7
04/22/2011,0.7
04/23/2011,0.7
04/24/2011,0.3
04/25/2011,0.1
04/26/2011,0.1
04/27/2011,0.1
04/28/2011,0.0
04/29/2011,0.4
04/30/2011,0.0
05/01/2011,0.0
05/02/2011,0.0
05/03/2011,0.0
05/04/2011,0.0
05/05/2011,0.0
05/06/2011,0.0
05/09/2011,0.0
05/10/2011,0.0
05/11/2011,0.0
05/12/2011,0.0
05/13/2011,0.0
11/29/2011,0.0
12/01/2011,0.0
12/02/2011,0.0
12/03/2011,0.0
12/04/2011,0.0
12/05/2011,0.0
12/06/2011,0.0
12/07/2011,0.0
12/08/2011,0.0
12/09/2011,0.0
12/10/2011,0.0
12/11/2011,0.0
12/12/2011,0.99
12/13/2011,0.74
12/14/2011,0.31
12/15/2011,0.39
12/16/2011,0.09
12/17/2011,0.07
12/18/2011,0.24
12/19/2011,0.09
12/20/2011,0.14
12/21/2011,0.09
12/22/2011,0.09
12/23/2011,0.08
12/24/2011,0.17
12/25/2011,0.17
12/26/2011,0.21
12/27/2011,1.16
12/28/2011,1.16
12/29/2011,3.04
12/30/2011,3.98
12/31/2011,4.34
01/01/2012,3.97
01/02/2012,2.54
01/03/2012,8.1
01/04/2012,7.38
01/05/2012,7.31
01/06/2012,6.31
01/07/2012,5.06
01/08/2012,5.42
01/09/2012,3.97
01/10/2012,3.89
01/11/2012,4
01/12/2012,4.04
01/13/2012,4.98
01/14/2012,5.58
01/15/2012,5.76
01/16/2012,10.75
01/17/2012,9.36
01/18/2012,11.7
01/19/2012,12.37
01/20/2012,21.76
01/21/2012,20.9
01/22/2012,22.87
01/23/2012,15.27
01/24/2012,11.71
01/25/2012,10.92
01/26/2012,16.71
01/27/2012,12.04
01/28/2012,9.48
01/29/2012,8.56
01/30/2012,13.05
01/31/2012,13.8
02/01/2012,12.42
02/02/2012,11.41
02/03/2012,11.34
02/04/2012,11.32
02/05/2012,12.78
02/06/2012,11.72
02/07/2012,10.18
02/08/2012,10.05
02/09/2012,8.95
02/10/2012,8.49
02/11/2012,12.08
02/12/2012,16.57
02/13/2012,14.57
02/14/2012,12.22
02/15/2012,11.5
02/16/2012,11.99
02/17/2012,12.04
02/18/2012,11.35
02/19/2012,10.78
02/20/2012,11.43
02/21/2012,12.39
02/22/2012,11.64
02/23/2012,9.59
02/24/2012,9.71
02/25/2012,9.7
02/26/2012,9.72
02/27/2012,13.36
02/28/2012,11.73
02/29/2012,11.1
03/01/2012,10.65
03/02/2012,12.03
03/03/2012,10.77
03/04/2012,12.9
03/05/2012,23.12
03/06/2012,20.66
03/07/2012,10.34
03/08/2012,10.08
03/09/2012,9.16
03/10/2012,9.58
03/11/2012,9.33
03/12/2012,8.63
03/13/2012,8.45
03/14/2012,7.6
03/15/2012,7.35
03/16/2012,8.11
03/17/2012,8.68
03/18/2012,7.67
03/19/2012,6.5
03/20/2012,5.72
03/21/2012,5.35
03/22/2012,4.61
03/23/2012,4.45
03/24/2012,2.42
03/25/2012,2.02
03/26/2012,0.17
03/27/2012,0.39
03/28/2012,0.13
03/29/2012,0.14
03/30/2012,0.15
03/31/2012,0.07
04/01/2012,0.06
04/02/2012,0.02
04/03/2012,0.04
04/04/2012,0.02
04/05/2012,0.02
04/06/2012,0.01
04/07/2012,0.02
04/08/2012,0.04
04/09/2012,0
04/10/2012,0
04/11/2012,0
04/12/2012,0
04/13/2012,0
11/29/2012,0
12/04/2012,0.02
12/05/2012,0.03
12/06/2012,0.13
12/07/2012,0.18
12/08/2012,0.06
12/09/2012,0.06
12/10/2012,0.2
12/11/2012,0.34
12/12/2012,0.24
12/13/2012,0.21
12/14/2012,0.3
12/15/2012,0.7
12/16/2012,0.8
12/17/2012,0.4
12/18/2012,0.2
12/19/2012,0.2
12/20/2012,0.2
12/21/2012,0.2
12/22/2012,0.2
12/23/2012,0.2
12/24/2012,0.4
12/25/2012,0.8
12/26/2012,1.8
12/27/2012,2.2
12/28/2012,2.8
12/29/2012,4.9
12/30/2012,4.4
12/31/2012,6.4
01/01/2013,5.2
01/02/2013,5.8
01/03/2013,7.8
01/04/2013,6.8
01/05/2013,7.6
01/06/2013,8.5
01/07/2013,5.9
01/08/2013,4.8
01/09/2013,4.2
01/10/2013,4.3
01/11/2013,3.8
01/12/2013,5.5
01/13/2013,5.0
01/14/2013,5.1
01/15/2013,4.1
01/16/2013,4.6
01/17/2013,4.6
01/18/2013,12.9
01/19/2013,11.9
01/20/2013,10.2
01/21/2013,10.7
01/22/2013,22.3
01/23/2013,26.0
01/24/2013,27.7
01/25/2013,28.4
01/26/2013,27.7
01/27/2013,34.4
01/28/2013,30.3
01/29/2013,18.6
01/30/2013,16.3
01/31/2013,15.5
02/01/2013,18.5
02/02/2013,23.5
02/03/2013,25.6
02/04/2013,31.1
02/05/2013,40.6
02/06/2013,31.1
02/07/2013,37.6
02/08/2013,25.2
02/09/2013,31.2
02/10/2013,40.1
02/11/2013,24.5
02/12/2013,18.4
02/13/2013,21.0
02/14/2013,21.6
02/15/2013,21.3
02/16/2013,18.8
02/17/2013,31.6
02/18/2013,47.9
02/19/2013,40.0
02/20/2013,28.4
02/21/2013,30.2
02/22/2013,45.6
02/23/2013,37.3
02/24/2013,33.6
02/25/2013,29.2
02/26/2013,33.1
02/27/2013,24.3
02/28/2013,22.6
03/01/2013,18.4
03/02/2013,21.0
03/03/2013,30.0
03/04/2013,35.4
03/05/2013,37.3
03/06/2013,31.0
03/07/2013,31.1
03/08/2013,28.6
03/09/2013,23.5
03/10/2013,23.4
03/11/2013,20.8
03/12/2013,20.0
03/13/2013,17.7
03/14/2013,15.9
03/15/2013,18.4
03/16/2013,17.2
03/17/2013,16.0
03/18/2013,19.1
03/19/2013,17.8
03/20/2013,16.3
03/21/2013,17.1
03/22/2013,18.4
03/23/2013,19.6
03/24/2013,17.5
03/25/2013,15.3
03/26/2013,12.2
03/27/2013,12.0
03/28/2013,11.1
03/29/2013,11.1
03/30/2013,10.8
03/31/2013,10.9
04/01/2013,10.5
04/02/2013,9.6
04/03/2013,9.0
04/04/2013,9.1
04/05/2013,9.3
04/06/2013,9.2
04/07/2013,9.1
04/08/2013,9.4
04/09/2013,8.3
04/10/2013,8.1
04/11/2013,8.2
04/12/2013,7.2
04/13/2013,7.2
04/14/2013,7.1
04/15/2013,7.5
04/16/2013,7.4
04/17/2013,7.1
04/18/2013,7.2
04/19/2013,6.6
04/20/2013,6.8
04/21/2013,5.3
04/22/2013,5.2
04/23/2013,4.8
04/24/2013,4.9
04/25/2013,4.9
04/26/2013,4.0
04/27/2013,3.7
04/28/2013,3.6
04/29/2013,3.0
04/30/2013,2.3
05/01/2013,1.0
05/02/2013,0.6
05/03/2013,0.6
05/04/2013,0.9
05/05/2013,0.0
05/06/2013,0.0
05/07/2013,0.0
05/08/2013,0.0
05/09/2013,0.0
05/10/2013,0.0
05/11/2013,0.0
05/12/2013,0.0
05/13/2013,0.0
05/14/2013,0.0
05/15/2013,0.0
05/16/2013,0.0
05/17/2013,0.0
05/18/2013,0.0
05/19/2013,0.0
05/20/2013,0.0
05/21/2013,0.0
05/22/2013,0.0
05/23/2013,0.0
05/24/2013,0.0
05/25/2013,0.0
05/26/2013,0.0
05/27/2013,0.0
05/28/2013,0.0
11/24/2013,0.0
11/25/2013,0.4
11/26/2013,0.2
11/27/2013,0.2
11/28/2013,1.3
11/29/2013,2.1
11/30/2013,3.0
12/01/2013,2.8
12/02/2013,1.9
12/03/2013,1.6
12/04/2013,1.3
12/05/2013,1.1
12/06/2013,1.3
12/07/2013,1.3
12/08/2013,0.8
12/09/2013,5.2
12/10/2013,8.5
12/11/2013,8.8
12/12/2013,14.2
12/13/2013,16.8
12/14/2013,19.2
12/15/2013,15.9
12/16/2013,20.4
12/17/2013,21.8
12/18/2013,20.0
12/19/2013,15.6
12/20/2013,16.8
12/21/2013,17.0
12/22/2013,12.8
12/23/2013,10.6
12/24/2013,14.2
12/25/2013,22.8
12/26/2013,25.4
12/27/2013,23.3
12/28/2013,17.4
12/30/2013,19.8
12/31/2013,28.5
01/01/2014,31.8
01/02/2014,35.4
01/03/2014,44.2
01/04/2014,44.7
01/05/2014,29.7
01/06/2014,29.8
01/07/2014,38.2
01/08/2014,43.6
01/09/2014,45.2
01/10/2014,46.0
01/11/2014,48.1
01/12/2014,24.9
01/13/2014,19.8
01/14/2014,20.5
01/15/2014,21.1
01/16/2014,21.4
01/17/2014,24.3
01/18/2014,28.8
01/19/2014,31.9
01/20/2014,36.7
01/21/2014,69.2
01/22/2014,72.1
01/23/2014,75.9
01/24/2014,72.3
01/25/2014,51.1
01/26/2014,64.3
01/27/2014,64.9
01/28/2014,71.0
01/29/2014,69.3
01/30/2014,72.0
01/31/2014,65.2
02/01/2014,63.6
02/02/2014,66.5
02/03/2014,76.8
02/04/2014,84.7
02/05/2014,85.8
02/06/2014,89.0
02/07/2014,86.9
02/08/2014,85.1
02/09/2014,90.0
02/10/2014,90.5
02/11/2014,94.8
02/12/2014,95.6
02/13/2014,89.1
02/14/2014,91.8
02/15/2014,91.3
02/16/2014,92.4
02/17/2014,92.8
02/18/2014,94.6
02/19/2014,94.8
02/20/2014,92.9
02/21/2014,86.8
02/22/2014,76.1
02/23/2014,73.6
02/24/2014,84.0
02/25/2014,92.2
02/26/2014,94.3
02/28/2014,92.7
03/01/2014,96.0
03/02/2014,94.8
03/03/2014,92.3
03/04/2014,96.1
03/05/2014,96.4
03/06/2014,96.4
03/07/2014,95.1
03/08/2014,95.1
03/09/2014,93.9
03/10/2014,91.3
03/11/2014,88.7
03/12/2014,88.9
03/13/2014,94.6
03/14/2014,90.0
03/15/2014,82.8
03/16/2014,88.6
03/17/2014,94.4
03/18/2014,94.2
03/19/2014,90.2
03/20/2014,88.8
03/21/2014,82.4
03/22/2014,79.6
03/23/2014,80.6
03/24/2014,83.5
03/25/2014,84.6
03/26/2014,89.9
03/27/2014,88.4
03/28/2014,84.8
03/29/2014,87.6
03/30/2014,91.7
03/31/2014,77.7
04/01/2014,80.6
04/02/2014,75.9
04/03/2014,78.4
04/04/2014,66.0
04/05/2014,66.0
04/06/2014,59.7
04/07/2014,52.6
04/08/2014,52.7
04/09/2014,49.6
04/10/2014,39.8
04/11/2014,41.2
04/12/2014,40.2
04/13/2014,45.7
04/14/2014,39.4
04/15/2014,38.5
04/16/2014,31.3
04/17/2014,34.0
04/18/2014,34.4
04/19/2014,32.1
04/20/2014,30.7
04/21/2014,33.4
04/22/2014,30.3
04/23/2014,25.2
04/24/2014,25.5
04/25/2014,27.2
04/26/2014,29.2
04/27/2014,26.8
04/28/2014,23.0
04/29/2014,25.4
04/30/2014,25.3
05/01/2014,18.1
05/02/2014,16.6
05/03/2014,16.8
05/04/2014,16.8
05/05/2014,11.0
05/06/2014,11.8
05/07/2014,10.0
05/08/2014,8.2
05/09/2014,6.3
05/10/2014,5.0
05/11/2014,3.3
05/12/2014,0.1
05/13/2014,0.1
05/14/2014,0.0
05/15/2014,0.0
05/16/2014,0.0
05/17/2014,0.0
05/18/2014,0.0
05/19/2014,0.0
05/20/2014,0.0
05/21/2014,0.0
05/22/2014,0.0
05/23/2014,0.0
05/24/2014,0.0
05/25/2014,0.0
05/26/2014,0.0
05/27/2014,0.0
05/28/2014,0.0
05/29/2014,0.0
05/30/2014,0.0
05/31/2014,0.0
06/01/2014,0.0
06/02/2014,0.0
06/03/2014,0.0
06/04/2014,0.0
06/05/2014,0.0
11/14/2014,0.0
11/15/2014,0.0
11/16/2014,0.3
11/17/2014,0.3
11/18/2014,0.5
11/20/2014,1.6
11/21/2014,1.9
11/22/2014,0.8
11/23/2014,1.1
11/24/2014,1.1
11/25/2014,0.7
11/26/2014,0.63
11/27/2014,0.59
11/28/2014,1.04
11/29/2014,1.33
11/30/2014,0.29
12/01/2014,0.35
12/02/2014,0.35
12/03/2014,0.78
12/04/2014,0.93
12/05/2014,0.94
12/06/2014,1.6
12/07/2014,1.64
12/08/2014,2.25
12/09/2014,2.31
12/10/2014,2.01
12/11/2014,3.15
12/12/2014,3.15
12/13/2014,2.36
12/14/2014,2.32
12/15/2014,2.36
12/16/2014,2.36
12/17/2014,1.69
12/18/2014,1.74
12/19/2014,2.63
12/20/2014,9.85
12/21/2014,10.09
12/22/2014,6.78
12/23/2014,4.5
12/24/2014,2.46
12/25/2014,1.77
12/26/2014,1.87
12/27/2014,0.89
12/28/2014,1.09
12/29/2014,1.51
12/30/2014,2.55
12/31/2014,7.65
01/01/2015,7.93
01/02/2015,12.66
01/03/2015,13.86
01/04/2015,12.91
01/05/2015,16.74
01/06/2015,17.85
01/07/2015,20.16
01/08/2015,24.96
01/09/2015,22.87
01/10/2015,26.26
01/11/2015,28.12
01/12/2015,33.26
01/13/2015,34.4
01/14/2015,44.19
01/15/2015,43.34
01/16/2015,28.99
01/17/2015,34.34
01/18/2015,27.31
01/19/2015,29.06
01/20/2015,41.76
01/21/2015,45.51
01/22/2015,49.88
01/23/2015,39.24
01/24/2015,24.69
01/25/2015,34.74
01/26/2015,45.15
01/27/2015,51.74
01/28/2015,54.25
01/29/2015,48.05
01/30/2015,53.81
01/31/2015,57.76
02/01/2015,51.9
02/02/2015,56.78
02/03/2015,61.9
02/04/2015,61.3
02/05/2015,70.81
02/06/2015,62.81
02/07/2015,62.11
02/08/2015,61.73
02/09/2015,70.63
02/10/2015,76.28
02/11/2015,75.6
02/12/2015,75.1
02/13/2015,79.61
02/14/2015,78.15
02/15/2015,78.98
02/16/2015,86.06
02/17/2015,91.96
02/18/2015,92.93
02/19/2015,93.64
02/20/2015,95.37
02/21/2015,95.64
02/22/2015,95.66
02/23/2015,96.06
02/24/2015,94.23
02/25/2015,94.04
02/26/2015,95.94
02/27/2015,95.63
02/28/2015,96.3
03/01/2015,96.3
03/02/2015,90.36
03/03/2015,89.1
03/04/2015,91.34
03/05/2015,95.51
03/06/2015,96.4
03/07/2015,91.23
03/08/2015,92.25
03/09/2015,90.27
03/10/2015,82.43
03/11/2015,74.15
03/12/2015,75.24
03/13/2015,76.34
03/14/2015,72.64
03/15/2015,64.76
03/16/2015,63.47
03/17/2015,62.63
03/18/2015,56.7
03/19/2015,57.02
03/20/2015,58.29
03/21/2015,58.1
03/22/2015,52.23
03/23/2015,53.53
03/24/2015,76.75
03/25/2015,64.3
03/26/2015,52.04
03/27/2015,52.26
03/28/2015,56.53
03/29/2015,59.28
03/30/2015,41.77
03/31/2015,44.14
04/01/2015,45.55
04/02/2015,45.32
04/04/2015,35.83
04/05/2015,34.25
04/06/2015,36.86
04/07/2015,42.67
04/08/2015,43.58
04/09/2015,43.86
04/10/2015,41.76
04/11/2015,30.79
04/12/2015,29.74
04/13/2015,27.39
04/14/2015,23
04/15/2015,22.96
04/16/2015,25.25
04/17/2015,23.63
04/18/2015,22.56
04/19/2015,21.21
04/20/2015,21.04
04/21/2015,18.87
04/22/2015,13.23
04/23/2015,9.79
04/24/2015,9.56
04/25/2015,9.02
04/26/2015,9.45
04/27/2015,8.33
04/28/2015,8.62
04/29/2015,7.88
04/30/2015,5.55
05/01/2015,5.63
05/02/2015,5.37
05/03/2015,3.73
05/04/2015,2.93
05/05/2015,1.13
05/06/2015,0.98
05/07/2015,1.06
05/08/2015,0.62
05/09/2015,0.35
05/10/2015,0.36
05/11/2015,0.29
05/12/2015,0.29
05/13/2015,0.04
05/14/2015,0.07
05/15/2015,0.02
05/16/2015,0.01
05/17/2015,0
05/18/2015,0
05/19/2015,0
05/20/2015,0
05/21/2015,0
05/22/2015,0
05/23/2015,0
05/24/2015,0
05/25/2015,0
05/26/2015,0
05/27/2015,0
05/28/2015,0
11/27/2015,0
11/28/2015,0
11/29/2015,0
11/30/2015,0
12/01/2015,0
12/02/2015,0
12/03/2015,0
12/04/2015,0
12/05/2015,0
12/06/2015,0
12/07/2015,0
12/08/2015,0
12/09/2015,0
12/10/2015,0.0
12/11/2015,0.0
12/12/2015,0.0
12/13/2015,0.0
12/14/2015,0.0
12/15/2015,0.0
12/16/2015,0.0
12/17/2015,0.0
12/18/2015,0.0
12/19/2015,0.6
12/20/2015,0.0
12/21/2015,0.0
12/22/2015,0.0
12/23/2015,0.0
12/24/2015,0.0
12/26/2015,0.0
12/27/2015,0.0
12/28/2015,0.0
12/29/2015,0.3
12/30/2015,0.4
12/31/2015,0.6
01/01/2016,0.4
01/02/2016,0.6
01/03/2016,0.8
01/04/2016,1.6
01/05/2016,3.9
01/06/2016,5.0
01/07/2016,5.3
01/08/2016,3.9
01/09/2016,2.6
01/10/2016,3.1
01/11/2016,7.3
01/12/2016,7.2
01/13/2016,9.9
01/14/2016,9.4
01/15/2016,9.3
01/16/2016,10.0
01/17/2016,14.4
01/18/2016,17.3
01/19/2016,17.5
01/20/2016,20.2
01/21/2016,20.6
01/22/2016,23.0
01/23/2016,24.0
01/24/2016,24.3
01/25/2016,18.9
01/26/2016,12.8
01/27/2016,13.6
01/28/2016,12.8
01/29/2016,18.2
01/30/2016,15.6
01/31/2016,13.2
02/01/2016,8.5
02/02/2016,9.3
02/03/2016,9.5
02/04/2016,12.7
02/05/2016,15.0
02/06/2016,15.0
02/07/2016,12.8
02/08/2016,8.0
02/09/2016,7.8
02/10/2016,11.5
02/11/2016,22.3
02/12/2016,26.1
02/13/2016,35.3
02/14/2016,48.0
02/15/2016,32.1
02/16/2016,28.8
02/17/2016,25.3
02/18/2016,33.8
02/19/2016,28.9
02/20/2016,21.6
02/21/2016,19.4
02/22/2016,18.4
02/23/2016,20.9
02/24/2016,21.5
02/25/2016,19.3
02/26/2016,16.0
02/27/2016,14.3
02/28/2016,14.0
02/29/2016,16.1
03/01/2016,15.3
03/02/2016,31.6
03/03/2016,38.9
03/04/2016,38.4
03/05/2016,37.6
03/06/2016,34.9
03/07/2016,18.7
03/08/2016,17.1
03/09/2016,16.2
03/10/2016,15.2
03/11/2016,15.7
03/12/2016,12.5
03/13/2016,12.3
03/14/2016,9.9
03/15/2016,10.5
03/16/2016,8.6
03/17/2016,6.9
03/18/2016,6.1
03/19/2016,8.3
03/20/2016,9.2
03/21/2016,4.2
03/22/2016,3.9
03/23/2016,3.9
03/24/2016,3.71
03/25/2016,4.1
03/26/2016,3.74
03/27/2016,3.25
03/28/2016,3.19
03/29/2016,3.09
03/30/2016,3.13
03/31/2016,3.31
04/01/2016,3.32
04/02/2016,3.32
04/03/2016,2.12
04/04/2016,2.04
04/05/2016,2.36
04/06/2016,2.19
04/07/2016,2
04/08/2016,1.77
04/09/2016,1.75
04/10/2016,1.71
04/11/2016,1.71
04/12/2016,1.73
04/13/2016,1.76
04/14/2016,1.66
04/15/2016,1.49
04/16/2016,1.49
04/17/2016,1.45
04/18/2016,1.5
04/19/2016,1.39
04/20/2016,1.43
04/21/2016,1.38
04/22/2016,1.38
04/23/2016,1.04
04/24/2016,0.54
04/25/2016,0.53
04/26/2016,0.3
04/27/2016,0
04/28/2016,0
04/29/2016,0
04/30/2016,0
05/01/2016,0
05/02/2016,0
05/03/2016,0
05/04/2016,0
05/05/2016,0
