Lake Ontario:, Ice Cover Data
Source:, CIS; NIC
Date, Percent_Ice
12/20/1972,0.61
12/28/1972,2.98
01/02/1973,2.8
01/09/1973,21.4
01/16/1973,11.7
01/23/1973,6.1
01/30/1973,25.3
02/06/1973,16.1
02/13/1973,21.5
02/20/1973,64.2
02/27/1973,37.6
03/06/1973,10.2
03/13/1973,1.6
03/21/1973,0.8
03/27/1973,0.0
04/06/1973,0.0
12/30/1973,0.0
12/31/1973,6.3
01/10/1974,28.2
01/17/1974,12.9
01/23/1974,8.4
01/31/1974,6.0
02/07/1974,15.7
02/14/1974,18.6
02/21/1974,21.3
02/28/1974,19.1
03/07/1974,6.1
03/14/1974,9.4
03/21/1974,4.1
03/28/1974,3.4
04/04/1974,1.5
04/11/1974,0.0
04/18/1974,5.0
04/25/1974,0.0
05/02/1974,0.0
01/01/1975,0.0
01/02/1975,1.1
01/09/1975,0.0
01/16/1975,2.0
01/23/1975,3.9
01/30/1975,4.3
02/06/1975,8.9
02/13/1975,15.1
02/20/1975,8.1
02/27/1975,3.9
03/06/1975,6.6
03/13/1975,2.3
03/20/1975,3.5
03/27/1975,1.6
04/03/1975,2.2
04/10/1975,1.7
04/17/1975,0.0
04/24/1975,0.0
12/22/1975,0.0
12/23/1975,2.3
12/30/1975,1.6
01/06/1976,7.8
01/13/1976,4.3
01/20/1976,5.6
01/27/1976,15.0
02/03/1976,19.4
02/10/1976,12.8
02/17/1976,8.8
02/24/1976,5.0
03/02/1976,8.0
03/09/1976,7.3
03/16/1976,5.2
03/23/1976,7.1
03/30/1976,2.0
04/06/1976,0.0
04/13/1976,0.0
04/20/1976,0.0
12/15/1976,0.0
12/16/1976,6.6
12/23/1976,9.1
12/30/1976,21.0
01/06/1977,28.1
01/12/1977,24.6
01/19/1977,33.8
01/26/1977,39.7
02/02/1977,35.4
02/09/1977,44.7
02/16/1977,48.8
02/23/1977,47.5
03/02/1977,32.1
03/09/1977,24.6
03/16/1977,24.9
03/23/1977,22.8
03/30/1977,22.1
04/06/1977,15.6
04/13/1977,12.2
04/20/1977,10.0
04/27/1977,5.6
05/04/1977,5.0
05/05/1977,0.0
12/20/1977,0.0
12/21/1977,6.1
12/28/1977,10.4
01/04/1978,10.5
01/11/1978,13.4
01/18/1978,26.1
01/25/1978,16.4
02/01/1978,29.6
02/08/1978,25.9
02/15/1978,59.4
02/22/1978,51.5
03/01/1978,48.4
03/08/1978,43.7
03/15/1978,21.7
03/22/1978,15.7
03/29/1978,14.9
04/05/1978,11.1
04/12/1978,9.39
04/19/1978,7.14
04/26/1978,5
05/03/1978,5
05/04/1978,0
12/17/1978,0
12/18/1978,5.3
12/25/1978,5
12/27/1978,5.86
01/01/1979,7.17
01/08/1979,6.67
01/15/1979,26.9
01/22/1979,26.54
01/29/1979,18.28
02/05/1979,35.22
02/12/1979,61.12
02/19/1979,86.26
02/26/1979,23.37
03/05/1979,22.9
03/12/1979,18.53
03/19/1979,10.02
03/26/1979,8.97
04/02/1979,5
04/09/1979,5.3
04/16/1979,5.0
04/23/1979,5.0
04/30/1979,5.0
05/07/1979,5.0
05/14/1979,5.0
05/15/1979,0.0
01/01/1980,0.0
01/02/1980,5.7
01/09/1980,6.4
01/16/1980,5.0
01/24/1980,6.4
01/30/1980,9.5
02/06/1980,28.5
02/13/1980,35.2
02/20/1980,14.3
02/27/1980,26.7
03/05/1980,28.0
03/12/1980,13.5
03/19/1980,14.3
03/26/1980,12.9
04/02/1980,7.8
04/09/1980,5.0
04/16/1980,5.0
04/17/1980,0.0
12/23/1980,0.0
12/24/1980,5.4
01/07/1981,50.2
01/14/1981,43.2
01/21/1981,29.2
01/28/1981,21.3
02/04/1981,20.7
02/11/1981,21.5
02/18/1981,26.5
02/25/1981,11.2
03/04/1981,10.0
03/11/1981,5.0
03/18/1981,6.4
03/25/1981,5.0
04/01/1981,5.0
04/08/1981,5.0
04/15/1981,5.0
04/16/1981,0.0
12/20/1981,0.0
12/21/1981,5.0
12/29/1981,5.0
01/04/1982,5.0
01/11/1982,6.0
01/18/1982,30.2
01/25/1982,53.2
02/02/1982,33.9
02/09/1982,42.0
02/17/1982,19.5
02/23/1982,25.0
03/03/1982,32.2
03/09/1982,51.1
03/17/1982,14.0
03/23/1982,12.3
03/29/1982,14.5
04/06/1982,10.7
04/13/1982,5.0
04/20/1982,5.0
04/26/1982,5.0
05/05/1982,5.0
05/12/1982,5.0
05/17/1982,5.0
05/18/1982,0.0
12/20/1982,0.0
12/21/1982,5.0
12/27/1982,5.0
01/03/1983,5.0
01/11/1983,5.0
01/18/1983,5.0
01/25/1983,14.4
02/01/1983,16.0
02/08/1983,16.1
02/14/1983,14.8
02/23/1983,11.0
03/01/1983,6.0
03/08/1983,5.9
03/15/1983,5.0
03/23/1983,5.0
03/30/1983,5.0
04/05/1983,5.0
04/12/1983,5.0
04/19/1983,5.0
04/26/1983,5.0
05/03/1983,5.0
05/04/1983,0.0
12/19/1983,0.0
12/20/1983,5.0
12/27/1983,6.3
01/03/1984,11.9
01/10/1984,12.3
01/18/1984,43.7
01/24/1984,15.4
02/01/1984,22.7
02/08/1984,34.3
02/15/1984,18.9
02/22/1984,11.5
02/29/1984,12.7
03/07/1984,15.2
03/15/1984,34.4
03/22/1984,11.9
03/24/1984,11.6
03/29/1984,15.4
04/05/1984,8.3
04/08/1984,6.6
04/12/1984,5.0
04/19/1984,0.0
04/26/1984,5.0
05/03/1984,0.0
12/22/1984,0.0
12/28/1984,5.8
01/05/1985,12.1
01/12/1985,12.4
01/19/1985,23.0
01/26/1985,32.5
02/02/1985,13.9
02/09/1985,41.3
02/16/1985,32.1
02/23/1985,35.1
03/02/1985,37.0
03/09/1985,12.1
03/16/1985,11.7
03/23/1985,12.4
03/30/1985,7.5
04/06/1985,6.1
04/13/1985,5.0
04/20/1985,5.0
04/27/1985,5.0
04/28/1985,0.0
12/13/1985,0.0
12/14/1985,7.5
12/21/1985,7.7
12/28/1985,8.9
01/04/1986,17.9
01/11/1986,8.2
01/18/1986,19.8
01/25/1986,23.8
02/01/1986,24.8
02/08/1986,25.0
02/15/1986,40.6
02/22/1986,44.0
03/01/1986,46.1
03/08/1986,37.3
03/15/1986,18.2
03/22/1986,30.5
03/29/1986,7.1
04/05/1986,5.0
04/12/1986,5.0
04/19/1986,0.0
04/23/1986,0.0
12/26/1986,0.0
12/27/1986,5.0
01/03/1987,0.0
01/10/1987,0.6
01/17/1987,0.6
01/24/1987,6.6
02/01/1987,8.4
02/07/1987,6.8
02/14/1987,13.1
02/21/1987,12.4
02/28/1987,8.7
03/07/1987,8.0
03/14/1987,7.9
03/21/1987,3.8
03/28/1987,0.0
04/05/1987,5.0
04/06/1987,0.0
01/02/1988,0.0
01/03/1988,5.0
01/10/1988,24.9
01/17/1988,16.2
01/24/1988,5.1
01/31/1988,9.0
02/07/1988,20.4
02/14/1988,19.2
02/21/1988,18.8
02/28/1988,23.5
03/06/1988,18.4
03/13/1988,16.3
03/20/1988,13.1
03/27/1988,11.4
04/03/1988,7.4
04/10/1988,5.1
04/17/1988,0.0
12/14/1988,0.0
12/16/1988,0.0
12/19/1988,0.0
12/21/1988,0.0
12/23/1988,0.0
12/26/1988,0.0
12/28/1988,0.0
12/30/1988,0.0
01/02/1989,0.0
01/04/1989,0.0
01/06/1989,0.0
01/09/1989,0.0
01/11/1989,1.1
01/13/1989,1.4
01/16/1989,1.6
01/18/1989,1.8
01/20/1989,2.7
01/23/1989,2.5
01/25/1989,4.3
01/27/1989,3.3
01/30/1989,4.7
02/01/1989,4.4
02/03/1989,2.7
02/06/1989,3.6
02/08/1989,5.3
02/10/1989,6.3
02/13/1989,6.6
02/15/1989,6.9
02/17/1989,11.9
02/20/1989,10.3
02/22/1989,9.1
02/24/1989,8.9
02/27/1989,11.4
03/01/1989,10.2
03/03/1989,8.7
03/06/1989,7.7
03/08/1989,13.9
03/10/1989,12.1
03/13/1989,13.9
03/15/1989,11.5
03/17/1989,7.4
03/20/1989,9.0
03/22/1989,8.5
03/24/1989,8.6
03/27/1989,8.2
03/29/1989,6.1
03/31/1989,3.3
04/03/1989,3.0
04/05/1989,1.9
04/07/1989,0.0
04/10/1989,0.0
04/12/1989,0.0
04/14/1989,0.0
04/17/1989,0.0
04/19/1989,0.0
04/21/1989,0.0
04/24/1989,0.0
04/26/1989,0.0
04/28/1989,0.0
05/01/1989,0.0
05/03/1989,0.0
05/05/1989,0.0
05/08/1989,0.0
12/13/1989,0.0
12/15/1989,2.0
12/18/1989,2.1
12/20/1989,2.0
12/22/1989,3.9
12/25/1989,5.0
12/27/1989,9.3
12/29/1989,9.0
01/01/1990,9.0
01/03/1990,10.6
01/05/1990,9.8
01/08/1990,8.4
01/10/1990,8.3
01/12/1990,11.0
01/16/1990,10.7
01/17/1990,14.5
01/19/1990,13.3
01/22/1990,12.6
01/24/1990,12.9
01/26/1990,8.1
01/29/1990,6.6
01/31/1990,6.4
02/02/1990,6.8
02/05/1990,12.2
02/07/1990,14.6
02/09/1990,14.6
02/12/1990,9.0
02/14/1990,5.7
02/16/1990,9.2
02/19/1990,13.8
02/21/1990,14.9
02/23/1990,6.3
02/26/1990,25.4
02/28/1990,32.0
03/02/1990,35.1
03/05/1990,18.2
03/07/1990,22.9
03/09/1990,23.8
03/12/1990,12.8
03/14/1990,11.5
03/16/1990,5.7
03/19/1990,5.6
03/21/1990,5.5
03/23/1990,2.9
03/26/1990,5.3
03/28/1990,3.1
03/30/1990,2.2
04/02/1990,2.1
04/04/1990,1.8
04/06/1990,0.0
04/09/1990,0.0
04/11/1990,0.0
04/13/1990,0.0
04/16/1990,0.0
04/18/1990,0.0
04/20/1990,0.0
04/23/1990,0.0
04/25/1990,0.0
04/27/1990,0.0
12/28/1990,0.0
12/30/1990,0.0
01/02/1991,0.0
01/04/1991,0.0
01/07/1991,2.2
01/09/1991,5.3
01/11/1991,5.1
01/14/1991,10.6
01/16/1991,8.1
01/18/1991,8.0
01/21/1991,7.2
01/23/1991,9.7
01/25/1991,10.7
01/28/1991,11.6
01/30/1991,10.9
02/01/1991,13.0
02/04/1991,12.5
02/06/1991,7.3
02/08/1991,5.3
02/11/1991,5.8
02/13/1991,4.9
02/15/1991,9.0
02/18/1991,9.5
02/20/1991,9.1
02/22/1991,5.6
02/25/1991,8.8
02/27/1991,7.6
03/01/1991,10.3
03/04/1991,6.4
03/06/1991,3.7
03/08/1991,3.0
03/11/1991,4.9
03/13/1991,4.1
03/15/1991,3.8
03/18/1991,3.5
03/20/1991,2.3
03/22/1991,0.3
03/25/1991,1.1
03/27/1991,1.4
03/29/1991,0.0
04/01/1991,0.0
04/03/1991,0.0
04/05/1991,0.0
04/08/1991,0.0
04/10/1991,0.0
04/12/1991,0.0
04/15/1991,0.0
04/17/1991,0.0
04/19/1991,0.0
04/22/1991,0.0
04/24/1991,0.0
04/26/1991,0.0
04/29/1991,0.0
05/01/1991,0.0
12/06/1991,0.0
12/09/1991,0.0
12/11/1991,0.0
12/13/1991,0.0
12/16/1991,0.0
12/18/1991,0.0
12/20/1991,0.0
12/23/1991,0.0
12/24/1991,1.3
12/27/1991,1.3
12/30/1991,0.0
12/31/1991,0.0
01/03/1992,0.0
01/06/1992,0.0
01/08/1992,0.0
01/10/1992,0.0
01/13/1992,1.1
01/15/1992,1.1
01/17/1992,3.7
01/20/1992,5.1
01/22/1992,3.8
01/24/1992,4.7
01/27/1992,5.6
01/29/1992,8.9
01/31/1992,8.5
02/03/1992,21.1
02/05/1992,9.5
02/07/1992,7.4
02/10/1992,10.8
02/12/1992,14.8
02/14/1992,14.3
02/17/1992,14.6
02/19/1992,8.8
02/21/1992,8.9
02/24/1992,6.7
02/26/1992,6.3
02/28/1992,5.9
03/02/1992,9.9
03/04/1992,5.7
03/06/1992,5.4
03/09/1992,4.8
03/11/1992,3.8
03/13/1992,1.6
03/17/1992,6.8
03/18/1992,9.0
03/20/1992,7.6
03/23/1992,8.7
03/25/1992,10.6
03/27/1992,11.2
03/30/1992,6.8
04/01/1992,3.4
04/03/1992,5.0
04/06/1992,4.4
04/08/1992,4.7
04/10/1992,1.6
04/13/1992,0.3
04/15/1992,0.0
04/17/1992,0.0
04/20/1992,0.0
04/22/1992,0.0
04/24/1992,0.0
04/27/1992,0.0
04/29/1992,0.0
05/01/1992,0.0
05/04/1992,0.0
05/06/1992,0.0
05/08/1992,0.0
05/11/1992,0.0
12/14/1992,0.0
12/16/1992,0.0
12/18/1992,0.0
12/21/1992,0.0
12/23/1992,0.0
12/25/1992,0.0
12/28/1992,0.0
12/30/1992,1.9
01/01/1993,1.0
01/04/1993,1.4
01/06/1993,0.0
01/08/1993,1.4
01/11/1993,1.1
01/13/1993,1.1
01/15/1993,2.3
01/18/1993,2.9
01/20/1993,4.6
01/22/1993,3.0
01/25/1993,2.6
01/27/1993,1.5
01/29/1993,1.4
02/01/1993,1.8
02/03/1993,1.8
02/05/1993,5.0
02/08/1993,8.2
02/10/1993,14.5
02/12/1993,15.3
02/15/1993,16.8
02/17/1993,16.5
02/19/1993,12.6
02/22/1993,16.3
02/24/1993,12.9
02/26/1993,19.3
03/01/1993,26.8
03/03/1993,15.4
03/05/1993,11.4
03/08/1993,8.1
03/10/1993,6.6
03/12/1993,6.5
03/15/1993,16.8
03/17/1993,14.6
03/19/1993,13.5
03/22/1993,13.1
03/24/1993,8.8
03/26/1993,7.5
03/29/1993,8.3
03/31/1993,7.1
04/02/1993,6.4
04/05/1993,5.9
04/07/1993,3.4
04/09/1993,3.5
04/12/1993,2.4
04/14/1993,1.1
04/16/1993,0.4
04/19/1993,0.0
04/21/1993,0.0
04/23/1993,0.0
04/26/1993,0.0
04/28/1993,0.0
04/30/1993,0.0
05/03/1993,0.0
05/05/1993,0.0
12/03/1993,0.0
12/06/1993,0.0
12/08/1993,0.0
12/10/1993,0.0
12/13/1993,0.0
12/15/1993,0.0
12/17/1993,0.0
12/20/1993,0.0
12/22/1993,0.0
12/27/1993,0.0
01/03/1994,7.0
01/05/1994,8.6
01/07/1994,8.7
01/10/1994,12.4
01/12/1994,13.3
01/17/1994,31.2
01/19/1994,32.8
01/21/1994,26.6
01/24/1994,24.3
01/26/1994,37.7
01/28/1994,29.7
01/31/1994,50.0
02/02/1994,62.1
02/04/1994,39.6
02/07/1994,79.7
02/09/1994,24.8
02/11/1994,65.8
02/14/1994,44.0
02/16/1994,45.7
02/21/1994,16.9
02/23/1994,13.0
02/25/1994,12.3
02/28/1994,28.5
03/02/1994,46.1
03/04/1994,43.0
03/07/1994,24.5
03/09/1994,20.6
03/11/1994,12.8
03/14/1994,14.3
03/16/1994,13.2
03/18/1994,10.3
03/21/1994,12.7
03/23/1994,10.2
03/25/1994,9.6
03/28/1994,6.9
03/30/1994,7.7
04/01/1994,11.1
04/04/1994,11.2
04/06/1994,11.5
04/08/1994,7.3
04/11/1994,2.6
04/13/1994,5.3
04/15/1994,4.5
04/18/1994,2.2
04/20/1994,0.1
04/22/1994,1.3
04/25/1994,0.0
04/27/1994,0.0
04/29/1994,0.0
05/02/1994,0.0
05/04/1994,0.0
05/06/1994,0.0
05/11/1994,0.0
05/13/1994,0.0
12/09/1994,0.0
12/12/1994,0.0
12/14/1994,0.0
12/16/1994,0.3
12/19/1994,0.0
12/21/1994,0.0
12/23/1994,0.0
12/26/1994,0.0
12/28/1994,0.0
12/30/1994,0.0
01/02/1995,0.0
01/04/1995,0.0
01/06/1995,5.0
01/09/1995,0.0
01/11/1995,0.0
01/13/1995,1.9
01/16/1995,0.0
01/18/1995,0.0
01/20/1995,0.0
01/23/1995,0.0
01/25/1995,0.0
01/27/1995,0.0
01/30/1995,1.1
02/01/1995,1.9
02/03/1995,0.7
02/06/1995,1.4
02/08/1995,18.0
02/10/1995,21.7
02/13/1995,20.1
02/15/1995,15.7
02/17/1995,12.8
02/20/1995,12.8
02/22/1995,10.8
02/24/1995,9.1
02/27/1995,10.5
03/01/1995,13.5
03/03/1995,12.3
03/06/1995,17.5
03/08/1995,10.7
03/10/1995,8.1
03/13/1995,4.9
03/15/1995,4.2
03/17/1995,7.2
03/20/1995,4.6
03/22/1995,3.6
03/24/1995,4.5
03/27/1995,1.8
03/29/1995,0.0
03/31/1995,0.0
04/03/1995,0.0
04/05/1995,0.0
04/07/1995,0.0
04/10/1995,0.0
04/12/1995,0.0
04/14/1995,0.0
04/19/1995,0.0
04/21/1995,0.0
04/24/1995,0.0
04/26/1995,0.0
04/28/1995,0.0
05/01/1995,0.0
05/03/1995,0.0
05/05/1995,0.0
05/08/1995,0.0
05/10/1995,0.0
11/17/1995,0.0
11/20/1995,0.0
11/22/1995,0.0
11/27/1995,0.0
11/29/1995,0.0
12/04/1995,0.0
12/06/1995,0.0
12/08/1995,0.0
12/11/1995,0.0
12/18/1995,1.1
12/22/1995,1.1
12/25/1995,1.6
12/27/1995,1.6
12/29/1995,2.5
01/01/1996,2.5
01/03/1996,2.7
01/05/1996,6.2
01/12/1996,35.8
01/15/1996,12.1
01/17/1996,19.1
01/19/1996,13.0
01/22/1996,17.3
01/24/1996,6.8
01/26/1996,7.2
01/29/1996,7.4
01/31/1996,11.1
02/02/1996,16.7
02/05/1996,44.8
02/07/1996,21.9
02/09/1996,14.1
02/12/1996,11.9
02/14/1996,9.2
02/16/1996,45.3
02/19/1996,17.5
02/21/1996,10.2
02/23/1996,8.4
02/26/1996,7.0
02/28/1996,7.0
03/01/1996,5.0
03/04/1996,11.8
03/06/1996,6.2
03/08/1996,6.9
03/11/1996,8.6
03/13/1996,16.3
03/18/1996,13.9
03/20/1996,12.8
03/22/1996,7.3
03/25/1996,4.9
03/27/1996,3.8
04/01/1996,5.3
04/03/1996,2.3
04/05/1996,1.5
04/08/1996,1.5
04/10/1996,0.7
04/12/1996,0.4
04/15/1996,0.2
04/17/1996,0.0
04/19/1996,0.0
04/22/1996,0.0
04/24/1996,0.0
04/26/1996,0.0
04/29/1996,0.0
05/01/1996,0.0
05/03/1996,0.0
05/06/1996,0.0
05/08/1996,0.0
05/10/1996,0.0
05/13/1996,0.0
05/15/1996,0.0
05/17/1996,0.0
05/20/1996,0.0
05/22/1996,0.0
05/24/1996,0.0
05/29/1996,0.0
05/31/1996,0.0
11/26/1996,0.0
11/29/1996,0.0
12/03/1996,0.0
12/06/1996,0.0
12/10/1996,0.0
12/13/1996,0.0
12/17/1996,0.0
12/20/1996,0.0
12/24/1996,0.0
12/27/1996,0.0
12/31/1996,0.0
01/03/1997,0.0
01/07/1997,0.0
01/10/1997,0.1
01/14/1997,2.4
01/17/1997,3.6
01/21/1997,13.4
01/24/1997,10.4
01/28/1997,15.1
01/31/1997,13.7
02/04/1997,15.1
02/07/1997,12.8
02/11/1997,13.7
02/14/1997,15.9
02/18/1997,25.9
02/21/1997,8.9
02/25/1997,7.7
02/28/1997,7.6
03/04/1997,8.3
03/07/1997,5.8
03/11/1997,9.8
03/14/1997,7.2
03/18/1997,7.0
03/21/1997,7.4
03/25/1997,7.8
03/28/1997,5.0
04/01/1997,7.0
04/04/1997,4.8
04/08/1997,3.3
04/11/1997,1.2
04/15/1997,0.0
04/18/1997,0.0
04/22/1997,0.0
04/25/1997,0.0
04/29/1997,0.0
05/02/1997,0.0
05/06/1997,0.0
05/09/1997,0.0
05/13/1997,0.0
12/02/1997,0.0
12/05/1997,0.0
12/09/1997,0.0
12/12/1997,0.0
12/16/1997,0.0
12/19/1997,0.5
12/23/1997,0.5
12/26/1997,0.4
12/30/1997,0.5
01/02/1998,0.9
01/06/1998,1.5
01/09/1998,1.1
01/13/1998,0.2
01/16/1998,1.7
01/20/1998,4.1
01/23/1998,3.5
01/27/1998,4.0
01/30/1998,6.4
02/03/1998,3.9
02/06/1998,5.1
02/10/1998,5.4
02/13/1998,5.9
02/17/1998,3.8
02/20/1998,2.8
02/24/1998,2.4
02/27/1998,1.8
03/03/1998,1.5
03/06/1998,0.9
03/10/1998,0.4
03/13/1998,0.4
03/17/1998,0.2
03/20/1998,0.4
03/24/1998,0.4
03/27/1998,0.1
03/31/1998,0.0
04/03/1998,0.0
04/07/1998,0.0
04/10/1998,0.0
04/14/1998,0.0
04/17/1998,0.0
04/21/1998,0.0
04/24/1998,0.0
12/15/1998,0.0
12/18/1998,0.0
12/25/1998,0.0
01/01/1999,0.7
01/08/1999,4.7
01/15/1999,14.7
01/22/1999,7.1
01/29/1999,7.0
02/05/1999,5.4
02/12/1999,4.5
02/19/1999,3.1
02/26/1999,5.3
03/05/1999,2.9
03/12/1999,6.2
03/19/1999,2.2
03/26/1999,1.8
04/02/1999,1.2
04/09/1999,0.3
04/16/1999,0.0
04/23/1999,0.0
04/30/1999,0.0
12/03/1999,0.0
12/10/1999,0.0
12/17/1999,0.0
12/24/1999,0.0
12/31/1999,1.9
01/07/2000,1.7
01/14/2000,2.3
01/21/2000,16.4
01/28/2000,17.1
02/04/2000,10.6
02/11/2000,11.5
02/18/2000,18.6
02/25/2000,6.6
03/03/2000,4.4
03/10/2000,2.5
03/17/2000,1.6
03/24/2000,0.5
03/31/2000,0.3
04/07/2000,0.0
04/14/2000,0.0
04/21/2000,0.0
04/28/2000,0.0
12/01/2000,0.0
12/05/2000,0.9
12/07/2000,0.9
12/11/2000,1.5
12/14/2000,1.0
12/21/2000,1.4
12/25/2000,4.0
12/28/2000,2.6
01/01/2001,5.0
01/04/2001,7.4
01/08/2001,9.1
01/11/2001,9.1
01/15/2001,10.1
01/18/2001,7.2
01/22/2001,16.1
01/25/2001,6.3
01/29/2001,11.9
02/01/2001,8.1
02/05/2001,10.4
02/08/2001,8.2
02/12/2001,10.3
02/15/2001,18.1
02/19/2001,7.9
02/22/2001,8.4
02/26/2001,7.2
03/01/2001,9.3
03/05/2001,10.7
03/08/2001,10.1
03/12/2001,8.9
03/15/2001,6.5
03/19/2001,6.7
03/22/2001,6.3
03/26/2001,4.9
03/29/2001,4.0
04/02/2001,2.6
04/05/2001,2.7
04/09/2001,2.1
04/12/2001,0.8
04/16/2001,0.0
04/19/2001,0.0
04/23/2001,0.0
04/26/2001,0.0
04/30/2001,0.0
05/03/2001,0.0
12/03/2001,0.0
12/07/2001,0.0
12/10/2001,0.0
12/13/2001,0.0
12/17/2001,0.0
12/20/2001,0.0
12/24/2001,0.0
12/27/2001,0.0
12/31/2001,0.8
01/03/2002,1.4
01/07/2002,1.3
01/10/2002,4.1
01/14/2002,1.3
01/17/2002,1.4
01/21/2002,1.2
01/24/2002,1.1
01/28/2002,1.2
01/31/2002,1.2
02/04/2002,1.3
02/07/2002,3.0
02/11/2002,1.6
02/14/2002,2.8
02/18/2002,2.3
02/21/2002,3.4
02/25/2002,1.7
02/28/2002,3.0
03/04/2002,1.2
03/07/2002,1.8
03/11/2002,0.8
03/14/2002,1.1
03/18/2002,0.1
03/21/2002,0.5
03/25/2002,0.1
03/28/2002,0.0
04/01/2002,0.0
04/04/2002,0.0
04/08/2002,0.0
04/11/2002,0.0
04/15/2002,0.0
04/18/2002,0.0
04/22/2002,0.0
04/25/2002,0.0
04/29/2002,0.0
05/02/2002,0.0
05/09/2002,0.0
12/02/2002,0.0
12/05/2002,0.2
12/09/2002,0.7
12/12/2002,0.7
12/16/2002,1.1
12/19/2002,0.8
12/23/2002,1.1
12/26/2002,0.9
12/30/2002,0.8
01/02/2003,1.0
01/06/2003,1.9
01/09/2003,2.1
01/13/2003,5.2
01/16/2003,7.6
01/20/2003,8.3
01/23/2003,18.3
01/27/2003,25.5
01/30/2003,22.2
02/03/2003,19.9
02/06/2003,14.2
02/10/2003,16.8
02/13/2003,18.2
02/17/2003,47.6
02/20/2003,42.2
02/24/2003,11.2
02/27/2003,49.8
03/03/2003,28.9
03/10/2003,18.8
03/13/2003,14.6
03/17/2003,24.3
03/20/2003,13.9
03/24/2003,7.6
03/27/2003,8.6
03/31/2003,6.8
04/03/2003,5.4
04/07/2003,1.8
04/10/2003,2.4
04/14/2003,1.4
04/21/2003,0.0
04/24/2003,0.0
04/28/2003,0.0
05/01/2003,0.0
05/05/2003,0.0
05/08/2003,0.0
05/12/2003,0.0
05/15/2003,0.0
05/19/2003,0.0
05/22/2003,0.0
05/26/2003,0.0
05/29/2003,0.0
12/01/2003,0.0
12/03/2003,0.0
12/08/2003,0.0
12/11/2003,0.0
12/15/2003,0.0
12/18/2003,0.8
12/22/2003,0.9
12/25/2003,1.1
12/29/2003,1.6
01/01/2004,1.3
01/05/2004,1.3
01/08/2004,5.1
01/12/2004,4.1
01/15/2004,10.7
01/19/2004,14.2
01/22/2004,13.6
01/26/2004,32.6
01/29/2004,38.6
02/02/2004,25.6
02/05/2004,19.6
02/09/2004,14.4
02/12/2004,16.5
02/16/2004,26.5
02/19/2004,17.7
02/23/2004,11.4
02/26/2004,15.1
03/01/2004,11.0
03/04/2004,9.6
03/08/2004,8.8
03/11/2004,11.1
03/15/2004,6.1
03/18/2004,6.0
03/22/2004,5.2
03/25/2004,4.5
03/29/2004,3.4
04/01/2004,2.0
04/05/2004,0.4
04/08/2004,0.0
04/12/2004,0.1
04/15/2004,0.0
04/19/2004,0.0
04/22/2004,0.0
04/26/2004,0.0
04/29/2004,0.0
05/03/2004,0.0
05/06/2004,0.0
12/02/2004,0.0
12/06/2004,0.0
12/09/2004,0.0
12/13/2004,0.0
12/16/2004,0.3
12/20/2004,1.4
12/23/2004,1.6
12/27/2004,2.6
12/30/2004,1.6
01/03/2005,1.8
01/06/2005,1.7
01/10/2005,1.7
01/13/2005,1.4
01/17/2005,3.7
01/20/2005,9.7
01/24/2005,26.7
01/27/2005,30.2
01/31/2005,39.5
02/03/2005,37.7
02/07/2005,19.6
02/10/2005,12.0
02/14/2005,10.4
02/17/2005,10.1
02/21/2005,9.8
02/24/2005,14.8
02/28/2005,15.6
03/03/2005,16.6
03/07/2005,8.2
03/10/2005,16.3
03/14/2005,12.1
03/17/2005,8.5
03/21/2005,9.0
03/24/2005,7.1
03/28/2005,6.5
03/31/2005,3.7
04/04/2005,1.6
04/07/2005,0.4
04/11/2005,0.1
04/14/2005,0.0
04/18/2005,0.0
04/21/2005,0.0
04/25/2005,0.0
04/28/2005,0.0
05/02/2005,0.0
05/05/2005,0.0
05/09/2005,0.0
11/28/2005,0.0
12/01/2005,0.0
12/05/2005,0.0
12/08/2005,0.2
12/12/2005,0.9
12/15/2005,2.2
12/20/2005,3.4
12/22/2005,1.9
12/26/2005,1.9
12/29/2005,2.2
01/02/2006,2.3
01/05/2006,2.0
01/09/2006,1.9
01/12/2006,2.0
01/16/2006,1.8
01/19/2006,2.7
01/23/2006,2.4
01/26/2006,1.7
01/30/2006,1.9
02/02/2006,1.6
02/06/2006,2.8
02/09/2006,1.8
02/13/2006,3.4
02/16/2006,2.3
02/20/2006,5.1
02/23/2006,5.3
02/27/2006,9.5
03/02/2006,14.9
03/06/2006,5.9
03/09/2006,7.6
03/13/2006,5.9
03/16/2006,3.6
03/20/2006,2.1
03/23/2006,1.1
03/27/2006,0.9
03/30/2006,0.5
04/03/2006,0.3
04/06/2006,0.0
04/10/2006,0.0
04/13/2006,0.0
04/17/2006,0.0
04/20/2006,0.0
04/24/2006,0.0
04/27/2006,0.0
05/01/2006,0.0
05/04/2006,0.0
12/04/2006,0.0
12/07/2006,0.0
12/11/2006,0.0
12/14/2006,0.0
12/18/2006,0.0
12/21/2006,0.0
12/25/2006,0.0
12/28/2006,0.0
01/01/2007,0.0
01/04/2007,0.0
01/08/2007,0.0
01/11/2007,0.1
01/15/2007,0.1
01/18/2007,2.8
01/22/2007,3.7
01/25/2007,3.5
01/29/2007,3.6
02/01/2007,8.7
02/05/2007,11.3
02/08/2007,15.8
02/12/2007,10.7
02/15/2007,20.2
02/19/2007,24.5
02/22/2007,15.3
02/26/2007,10.8
03/01/2007,21.6
03/05/2007,8.8
03/08/2007,25.2
03/12/2007,10.5
03/15/2007,7.2
03/19/2007,9.0
03/22/2007,5.9
03/26/2007,3.8
03/29/2007,3.7
04/02/2007,3.0
04/05/2007,1.0
04/09/2007,0.3
04/12/2007,0.2
04/16/2007,0.0
04/19/2007,0.0
04/23/2007,0.0
04/26/2007,0.0
04/30/2007,0.0
05/03/2007,0.0
05/07/2007,0.0
05/10/2007,0.0
11/26/2007,0.0
11/29/2007,0.0
12/03/2007,0.0
12/06/2007,0.5
12/10/2007,1.5
12/13/2007,1.4
12/17/2007,1.6
12/20/2007,1.8
12/24/2007,1.7
12/27/2007,1.8
12/31/2007,1.6
01/03/2008,1.6
01/07/2008,1.5
01/10/2008,1.5
01/14/2008,1.5
01/17/2008,1.5
01/21/2008,2.7
01/24/2008,2.7
01/28/2008,3.8
01/31/2008,5.3
02/04/2008,7.3
02/07/2008,5.9
02/11/2008,13.6
02/14/2008,15.3
02/18/2008,12.9
02/21/2008,13.1
02/25/2008,10.2
02/28/2008,14.0
03/03/2008,8.8
03/06/2008,9.3
03/10/2008,15.7
03/13/2008,12.4
03/17/2008,9.8
03/19/2008,8.2
03/20/2008,5.5
03/25/2008,5.2
03/26/2008,4.8
03/27/2008,4.6
04/01/2008,4.4
04/02/2008,3.7
04/03/2008,3.5
04/08/2008,2.2
04/09/2008,1.5
04/10/2008,1.1
04/15/2008,0.5
04/16/2008,0.4
04/17/2008,0.4
04/21/2008,0.2
04/24/2008,0.1
04/28/2008,0.0
05/01/2008,0.0
05/05/2008,0.0
05/08/2008,0.0
05/12/2008,0.0
05/15/2008,0.0
12/07/2008,0.0
12/08/2008,0.2
12/11/2008,0.2
12/15/2008,1.0
12/18/2008,1.3
12/22/2008,3.0
12/25/2008,2.4
12/29/2008,1.6
01/01/2009,2.8
01/05/2009,6.8
01/08/2009,6.2
01/12/2009,14.4
01/15/2009,24.1
01/19/2009,23.4
01/22/2009,25.4
01/26/2009,19.9
01/29/2009,21.5
02/02/2009,12.9
02/05/2009,27.9
02/09/2009,12.2
02/12/2009,11.4
02/16/2009,14.8
02/19/2009,12.3
02/23/2009,9.2
02/26/2009,15.5
03/02/2009,11.2
03/05/2009,11.7
03/10/2009,8.4
03/12/2009,6.1
03/17/2009,6.0
03/19/2009,4.2
03/24/2009,3.2
03/26/2009,3.1
03/31/2009,2.6
04/01/2009,2.5
04/02/2009,2.4
04/07/2009,2.0
04/09/2009,1.9
04/14/2009,0.8
04/16/2009,0.7
04/20/2009,0.0
04/23/2009,0.0
04/27/2009,0.0
04/30/2009,0.0
05/04/2009,0.0
05/07/2009,0.0
12/07/2009,0.0
12/09/2009,0.0
12/14/2009,0.9
12/17/2009,1.1
12/21/2009,1.1
12/24/2009,1.5
12/28/2009,1.3
12/31/2009,1.9
01/05/2010,4.5
01/06/2010,3.2
01/07/2010,3.5
01/09/2010,3.9
01/10/2010,3.8
01/12/2010,0.0
01/13/2010,0.3
01/14/2010,8.4
01/19/2010,5.8
01/21/2010,4.3
01/25/2010,2.7
01/28/2010,3.8
02/01/2010,8.4
02/04/2010,12.1
02/08/2010,14.9
02/15/2010,9.7
02/18/2010,6.9
02/22/2010,6.8
02/25/2010,7.4
03/01/2010,5.3
03/04/2010,4.2
03/09/2010,2.9
03/10/2010,3.0
03/11/2010,3.4
03/13/2010,1.9
03/14/2010,1.9
03/16/2010,1.6
03/17/2010,2.4
03/18/2010,2.3
03/23/2010,0.4
03/24/2010,0.8
03/25/2010,0.6
03/30/2010,0.4
04/01/2010,0.5
04/05/2010,0.0
04/08/2010,0.0
04/12/2010,0.0
04/15/2010,0.0
12/02/2010,0.0
12/07/2010,0.0
12/09/2010,0.7
12/14/2010,0.8
12/16/2010,1.1
12/17/2010,1.0
12/18/2010,1.2
12/19/2010,1.0
12/20/2010,1.1
12/21/2010,1.9
12/22/2010,1.0
12/23/2010,1.9
12/24/2010,1.0
12/25/2010,1.0
12/26/2010,1.0
12/27/2010,1.1
12/28/2010,1.4
12/29/2010,1.0
12/30/2010,5.3
12/31/2010,5.4
01/01/2011,3.7
01/02/2011,3.5
01/03/2011,1.6
01/04/2011,3.0
01/05/2011,1.2
01/06/2011,1.6
01/07/2011,1.6
01/08/2011,1.7
01/09/2011,1.4
01/10/2011,1.7
01/11/2011,1.2
01/12/2011,3.4
01/13/2011,2.0
01/14/2011,1.9
01/15/2011,7.8
01/16/2011,7.8
01/17/2011,3.1
01/18/2011,13.6
01/19/2011,6.0
01/20/2011,10.5
01/21/2011,10.6
01/22/2011,9.7
01/23/2011,13.5
01/24/2011,20.2
01/25/2011,18.2
01/26/2011,16.4
01/27/2011,16.7
01/28/2011,16.3
01/29/2011,16.7
01/30/2011,18.9
01/31/2011,17.9
02/01/2011,22.1
02/02/2011,24.9
02/03/2011,15.3
02/04/2011,19.3
02/05/2011,18.0
02/06/2011,16.1
02/07/2011,15.0
02/08/2011,12.2
02/09/2011,11.5
02/10/2011,18.1
02/11/2011,18.9
02/12/2011,18.9
02/13/2011,22.1
02/14/2011,7.7
02/15/2011,7.4
02/16/2011,12.9
02/17/2011,16.8
02/18/2011,7.7
02/19/2011,7.8
02/20/2011,7.3
02/21/2011,12.5
02/22/2011,14.3
02/23/2011,24.8
02/24/2011,31.1
02/25/2011,15.0
02/26/2011,14.7
02/27/2011,13.4
02/28/2011,10.2
03/01/2011,9.6
03/02/2011,7.0
03/03/2011,6.7
03/04/2011,9.4
03/05/2011,9.4
03/06/2011,9.2
03/07/2011,7.4
03/08/2011,9.9
03/09/2011,6.9
03/10/2011,6.4
03/11/2011,3.6
03/12/2011,3.2
03/13/2011,3.2
03/14/2011,4.8
03/15/2011,4.9
03/16/2011,5.1
03/17/2011,2.4
03/18/2011,1.8
03/19/2011,1.9
03/20/2011,2.0
03/21/2011,1.0
03/22/2011,0.9
03/23/2011,0.9
03/24/2011,0.7
03/25/2011,0.7
03/26/2011,0.6
03/27/2011,0.7
03/28/2011,0.5
03/29/2011,0.4
03/30/2011,0.4
03/31/2011,0.4
04/01/2011,1.3
04/02/2011,1.3
04/03/2011,1.2
04/04/2011,0.1
04/05/2011,0.0
04/06/2011,0.0
04/07/2011,0.0
04/08/2011,0.0
04/09/2011,0.0
04/10/2011,0.0
04/11/2011,0.0
04/12/2011,0.0
04/13/2011,0.0
04/14/2011,0.0
04/15/2011,0.0
04/16/2011,0.0
04/17/2011,0.0
04/18/2011,0.0
04/19/2011,0.1
04/20/2011,0.0
04/21/2011,0.0
04/22/2011,0.0
04/23/2011,0.0
04/24/2011,0.0
04/25/2011,0.0
04/26/2011,0.0
04/27/2011,0.0
04/28/2011,0.0
04/29/2011,0.0
04/30/2011,0.0
05/01/2011,0.0
05/02/2011,0.0
05/03/2011,0.0
05/04/2011,0.0
05/05/2011,0.0
05/06/2011,0.0
05/09/2011,0.0
05/10/2011,0.0
05/11/2011,0.0
05/12/2011,0.0
05/13/2011,0.0
11/29/2011,0.0
12/01/2011,0.0
12/02/2011,0.0
12/03/2011,0.0
12/04/2011,0.0
12/05/2011,0.0
12/06/2011,0.0
12/07/2011,0.0
12/08/2011,0.0
12/09/2011,0.0
12/10/2011,0.0
12/11/2011,0.0
12/12/2011,0.0
12/13/2011,0.0
12/14/2011,0.0
12/15/2011,0.0
12/16/2011,0.0
12/17/2011,0.0
12/18/2011,0.0
12/19/2011,0.0
12/20/2011,0.0
12/21/2011,0.0
12/22/2011,0.0
12/23/2011,0.0
12/24/2011,0.0
12/25/2011,0.0
12/26/2011,0.0
12/27/2011,0.0
12/28/2011,0.0
12/29/2011,0.3
12/30/2011,0.6
12/31/2011,0.7
01/01/2012,0.7
01/02/2012,0.7
01/03/2012,0.3
01/04/2012,0.5
01/05/2012,0.9
01/06/2012,0.9
01/07/2012,0.9
01/08/2012,1.7
01/09/2012,0.7
01/10/2012,0.8
01/11/2012,0.8
01/12/2012,0.8
01/13/2012,0.8
01/14/2012,0.8
01/15/2012,0.9
01/16/2012,1.2
01/17/2012,1.0
01/18/2012,0.8
01/19/2012,0.8
01/20/2012,1.1
01/21/2012,1.2
01/22/2012,1.2
01/23/2012,0.9
01/24/2012,1.4
01/25/2012,0.9
01/26/2012,3.4
01/27/2012,1.0
01/28/2012,1.3
01/29/2012,1.4
01/30/2012,1.0
01/31/2012,1.0
02/01/2012,0.9
02/02/2012,0.9
02/03/2012,1.0
02/04/2012,1.0
02/05/2012,1.2
02/06/2012,1.0
02/07/2012,0.9
02/08/2012,1.0
02/09/2012,0.9
02/10/2012,0.9
02/11/2012,0.9
02/12/2012,0.9
02/13/2012,1.2
02/14/2012,1.2
02/15/2012,1.0
02/16/2012,1.4
02/17/2012,1.9
02/18/2012,1.1
02/19/2012,0.8
02/20/2012,1.0
02/21/2012,0.8
02/22/2012,0.8
02/23/2012,0.8
02/24/2012,0.8
02/25/2012,0.8
02/26/2012,0.8
02/27/2012,0.6
02/28/2012,0.8
02/29/2012,0.8
03/01/2012,0.6
03/02/2012,0.6
03/03/2012,0.4
03/04/2012,0.5
03/05/2012,0.4
03/06/2012,0.3
03/07/2012,0.3
03/08/2012,0.3
03/09/2012,0.3
03/10/2012,0.3
03/11/2012,0.4
03/12/2012,0.4
03/13/2012,0.3
03/14/2012,0.0
03/15/2012,0.1
03/16/2012,0.0
03/17/2012,0.0
03/18/2012,0.0
03/19/2012,0.0
03/20/2012,0.0
03/21/2012,0.0
03/22/2012,0.0
03/23/2012,0.0
03/24/2012,0.0
03/25/2012,0.0
03/26/2012,0.0
03/27/2012,0.0
03/28/2012,0.0
03/29/2012,0.0
03/30/2012,0.0
03/31/2012,0.0
04/01/2012,0.0
04/02/2012,0.0
04/03/2012,0.0
04/04/2012,0.0
04/05/2012,0.0
04/06/2012,0.0
04/07/2012,0.0
04/08/2012,0.0
04/09/2012,0.0
04/10/2012,0.0
04/11/2012,0.0
04/12/2012,0.0
04/13/2012,0.0
11/29/2012,0.0
12/04/2012,0.0
12/05/2012,0.0
12/06/2012,0.0
12/07/2012,0.0
12/08/2012,0.0
12/09/2012,0.0
12/10/2012,0.0
12/11/2012,0.0
12/12/2012,0.0
12/13/2012,0.0
12/14/2012,0.0
12/15/2012,0.0
12/16/2012,0.0
12/17/2012,0.0
12/18/2012,0.0
12/19/2012,0.0
12/20/2012,0.0
12/21/2012,0.0
12/22/2012,0.0
12/23/2012,0.0
12/24/2012,0.0
12/25/2012,0.5
12/26/2012,0.7
12/27/2012,0.7
12/28/2012,0.6
12/29/2012,0.6
12/30/2012,0.8
12/31/2012,0.8
01/01/2013,0.7
01/02/2013,0.7
01/03/2013,0.7
01/04/2013,1.1
01/05/2013,1.2
01/06/2013,1.1
01/07/2013,1.0
01/08/2013,1.0
01/09/2013,0.9
01/10/2013,0.9
01/11/2013,0.9
01/12/2013,1.0
01/13/2013,1.0
01/14/2013,0.9
01/15/2013,0.5
01/16/2013,0.5
01/17/2013,0.6
01/18/2013,0.7
01/19/2013,0.6
01/20/2013,0.6
01/21/2013,0.5
01/22/2013,1.1
01/23/2013,4.5
01/24/2013,7.4
01/25/2013,4.5
01/26/2013,8.1
01/27/2013,7.3
01/28/2013,7.9
01/29/2013,5.3
01/30/2013,2.9
01/31/2013,1.6
02/01/2013,1.7
02/02/2013,2.8
02/03/2013,2.7
02/04/2013,3.8
02/05/2013,4.9
02/06/2013,3.4
02/07/2013,6.8
02/08/2013,5.2
02/09/2013,11.3
02/10/2013,13.8
02/11/2013,11.4
02/12/2013,4.6
02/13/2013,3.5
02/14/2013,5.3
02/15/2013,4.7
02/16/2013,3.7
02/17/2013,7.7
02/18/2013,15.5
02/19/2013,8.6
02/20/2013,4.6
02/21/2013,9.7
02/22/2013,12.9
02/23/2013,15.6
02/24/2013,4.8
02/25/2013,4.8
02/26/2013,5.6
02/27/2013,5.5
02/28/2013,5.0
03/01/2013,5.6
03/02/2013,5.0
03/03/2013,9.2
03/04/2013,6.2
03/05/2013,4.1
03/06/2013,4.9
03/07/2013,5.0
03/08/2013,2.7
03/09/2013,2.9
03/10/2013,2.7
03/11/2013,2.6
03/12/2013,3.2
03/13/2013,1.8
03/14/2013,1.7
03/15/2013,1.4
03/16/2013,1.4
03/17/2013,1.4
03/18/2013,1.3
03/19/2013,1.4
03/20/2013,1.8
03/21/2013,1.5
03/22/2013,1.2
03/23/2013,1.4
03/24/2013,1.4
03/25/2013,1.0
03/26/2013,0.7
03/27/2013,0.6
03/28/2013,0.9
03/29/2013,1.2
03/30/2013,0.9
03/31/2013,1.1
04/01/2013,1.1
04/02/2013,1.2
04/03/2013,1.0
04/04/2013,0.1
04/05/2013,0.0
04/06/2013,0.0
04/07/2013,0.0
04/08/2013,0.0
04/09/2013,0.0
04/10/2013,0.0
04/11/2013,0.0
04/12/2013,0.0
04/13/2013,0.0
04/14/2013,0.0
04/15/2013,0.0
04/16/2013,0.0
04/17/2013,0.0
04/18/2013,0.0
04/19/2013,0.0
04/20/2013,0.0
04/21/2013,0.0
04/22/2013,0.0
04/23/2013,0.0
04/24/2013,0.0
04/25/2013,0.0
04/26/2013,0.0
04/27/2013,0.0
04/28/2013,0.0
04/29/2013,0.0
04/30/2013,0.0
05/01/2013,0.0
05/02/2013,0.0
05/03/2013,0.0
05/04/2013,0.0
05/05/2013,0.0
05/06/2013,0.0
05/07/2013,0.0
05/08/2013,0.0
05/09/2013,0.0
05/10/2013,0.0
05/11/2013,0.0
05/12/2013,0.0
05/13/2013,0.0
05/14/2013,0.0
05/15/2013,0.0
05/16/2013,0.0
05/17/2013,0.0
05/18/2013,0.0
05/19/2013,0.0
05/20/2013,0.0
05/21/2013,0.0
05/22/2013,0.0
05/23/2013,0.0
05/24/2013,0.0
05/25/2013,0.0
05/26/2013,0.0
05/27/2013,0.0
05/28/2013,0.0
11/24/2013,0.0
11/25/2013,0.5
11/26/2013,0.4
11/27/2013,0.5
11/28/2013,1.0
11/29/2013,0.8
11/30/2013,0.8
12/01/2013,0.8
12/02/2013,0.6
12/03/2013,0.5
12/04/2013,0.4
12/05/2013,0.3
12/06/2013,0.3
12/07/2013,0.3
12/08/2013,0.3
12/09/2013,0.6
12/10/2013,0.7
12/11/2013,0.8
12/12/2013,2.4
12/13/2013,2.2
12/14/2013,1.8
12/15/2013,2.2
12/16/2013,6.1
12/17/2013,7.8
12/18/2013,7.5
12/19/2013,2.3
12/20/2013,2.0
12/21/2013,2.0
12/22/2013,2.0
12/23/2013,1.2
12/24/2013,1.3
12/25/2013,1.7
12/26/2013,4.9
12/27/2013,1.8
12/28/2013,1.3
12/30/2013,2.02
12/31/2013,2.96
01/01/2014,4.96
01/02/2014,6.25
01/03/2014,19.35
01/04/2014,14.14
01/05/2014,9.73
01/06/2014,5.45
01/07/2014,12.14
01/08/2014,19.16
01/09/2014,17.85
01/10/2014,19.54
01/11/2014,22.54
01/12/2014,5.71
01/13/2014,4.44
01/14/2014,4.18
01/15/2014,3.99
01/16/2014,4.65
01/17/2014,4.66
01/18/2014,4.66
01/19/2014,5.14
01/20/2014,5.25
01/21/2014,22.85
01/22/2014,32.29
01/23/2014,42.02
01/24/2014,35
01/25/2014,20.26
01/26/2014,22.93
01/27/2014,20.11
01/28/2014,24.48
01/29/2014,23.02
01/30/2014,25.7
01/31/2014,19.49
02/01/2014,19.49
02/02/2014,11.26
02/03/2014,18.13
02/04/2014,29.6
02/05/2014,30.65
02/06/2014,37.21
02/07/2014,44.3
02/08/2014,44.3
02/09/2014,16.83
02/10/2014,32.94
02/11/2014,30.83
02/12/2014,42.5
02/13/2014,39.73
02/14/2014,36.79
02/15/2014,23.32
02/16/2014,16.6
02/17/2014,30.43
02/18/2014,31.58
02/19/2014,19.47
02/20/2014,15.6
02/21/2014,12.47
02/22/2014,11.53
02/23/2014,9.47
02/24/2014,9.63
02/25/2014,9.99
02/26/2014,15.09
02/28/2014,23.18
03/01/2014,40.36
03/02/2014,44.52
03/03/2014,35.41
03/04/2014,42.11
03/05/2014,48.57
03/06/2014,60.93
03/07/2014,57.47
03/08/2014,54.06
03/09/2014,54.06
03/10/2014,37.72
03/11/2014,30.71
03/12/2014,30.08
03/13/2014,30.48
03/14/2014,29.82
03/15/2014,19.22
03/16/2014,12.38
03/17/2014,18.27
03/18/2014,36.71
03/19/2014,37.29
03/20/2014,23.82
03/21/2014,24.2
03/22/2014,14.24
03/23/2014,12.36
03/24/2014,12.94
03/25/2014,15.57
03/26/2014,12
03/27/2014,12
03/28/2014,12.3
03/29/2014,12.05
03/30/2014,11.87
03/31/2014,13.68
04/01/2014,16.73
04/02/2014,15.15
04/03/2014,14.71
04/04/2014,15.11
04/05/2014,16.63
04/06/2014,12.41
04/07/2014,6.86
04/08/2014,10.78
04/09/2014,7.29
04/10/2014,5.16
04/11/2014,5.01
04/12/2014,4.58
04/13/2014,4.13
04/14/2014,3.46
04/15/2014,2.59
04/16/2014,1.8
04/17/2014,1.89
04/18/2014,2.41
04/19/2014,2.37
04/20/2014,0.67
04/21/2014,0.96
04/22/2014,0.29
04/23/2014,0.29
04/24/2014,0.23
04/25/2014,0.04
04/26/2014,0.02
04/27/2014,0
04/28/2014,0
04/29/2014,0
04/30/2014,0
05/01/2014,0
05/02/2014,0
05/03/2014,0
05/04/2014,0
05/05/2014,0
05/06/2014,0
05/07/2014,0
05/08/2014,0.0
05/09/2014,0.0
05/10/2014,0.0
05/11/2014,0.0
05/12/2014,0.0
05/13/2014,0.0
05/14/2014,0.0
05/15/2014,0.0
05/16/2014,0.0
05/17/2014,0.0
05/18/2014,0.0
05/19/2014,0.0
05/20/2014,0.0
05/21/2014,0.0
05/22/2014,0.0
05/23/2014,0.0
05/24/2014,0.0
05/25/2014,0.0
05/26/2014,0.0
05/27/2014,0.0
05/28/2014,0.0
05/29/2014,0.0
05/30/2014,0.0
05/31/2014,0.0
06/01/2014,0.0
06/02/2014,0.0
06/03/2014,0.0
06/04/2014,0.0
06/05/2014,0.0
11/14/2014,0.0
11/15/2014,0.0
11/16/2014,0.0
11/17/2014,0.0
11/18/2014,0.0
11/20/2014,0.0
11/21/2014,0.0
11/22/2014,0.0
11/23/2014,0.0
11/24/2014,0.1
11/25/2014,0.1
11/26/2014,0.0
11/27/2014,0.2
11/28/2014,0.2
11/29/2014,0.2
11/30/2014,0
12/01/2014,0
12/02/2014,0
12/03/2014,0
12/04/2014,0.03
12/05/2014,0.03
12/06/2014,0.03
12/07/2014,0.04
12/08/2014,0.68
12/09/2014,0.7
12/10/2014,0.74
12/11/2014,0.61
12/12/2014,0.61
12/13/2014,0.61
12/14/2014,0.28
12/15/2014,0.23
12/16/2014,0.21
12/17/2014,0.27
12/18/2014,0.55
12/19/2014,0.75
12/20/2014,1.14
12/21/2014,0.82
12/22/2014,0.75
12/23/2014,0.48
12/24/2014,0.48
12/25/2014,0.14
12/26/2014,0.14
12/27/2014,0.07
12/28/2014,0.06
12/29/2014,0.13
12/30/2014,0.19
12/31/2014,0.5
01/01/2015,0.5
01/02/2015,0.6
01/03/2015,0.71
01/04/2015,0.78
01/05/2015,0.77
01/06/2015,0.78
01/07/2015,1.68
01/08/2015,2.94
01/09/2015,3.01
01/10/2015,4.01
01/11/2015,11.55
01/12/2015,11.32
01/13/2015,14.76
01/14/2015,25.53
01/15/2015,23.92
01/16/2015,11.22
01/17/2015,12.78
01/18/2015,5.21
01/19/2015,3.86
01/20/2015,15.86
01/21/2015,25.07
01/22/2015,23.1
01/23/2015,20.72
01/24/2015,18.53
01/25/2015,15.44
01/26/2015,22.35
01/27/2015,22.84
01/28/2015,29.66
01/29/2015,29.25
01/30/2015,25.59
01/31/2015,35.31
02/01/2015,40.44
02/02/2015,44.63
02/03/2015,44.16
02/04/2015,27.33
02/05/2015,32.3
02/06/2015,32.13
02/07/2015,30.14
02/08/2015,25.53
02/09/2015,26.61
02/10/2015,34.97
02/11/2015,55.16
02/12/2015,56.61
02/13/2015,60.83
02/14/2015,34.91
02/15/2015,38.28
02/16/2015,56.61
02/17/2015,78.21
02/18/2015,82.4
02/19/2015,55.07
02/20/2015,45.55
02/21/2015,60.34
02/22/2015,69.35
02/23/2015,59.33
02/24/2015,62.14
02/25/2015,59.58
02/26/2015,51.42
02/27/2015,61.94
02/28/2015,69.07
03/01/2015,75.81
03/02/2015,55.48
03/03/2015,61.47
03/04/2015,58.56
03/05/2015,54.53
03/06/2015,48.88
03/07/2015,53.83
03/08/2015,47.58
03/09/2015,44.12
03/10/2015,41.3
03/11/2015,36.85
03/12/2015,31.46
03/13/2015,31.05
03/14/2015,28.99
03/15/2015,27.72
03/16/2015,25.91
03/17/2015,25.2
03/18/2015,21.62
03/19/2015,21.82
03/20/2015,21.12
03/21/2015,25.21
03/22/2015,23.68
03/23/2015,19.67
03/24/2015,25.89
03/25/2015,23.36
03/26/2015,22.47
03/27/2015,20.58
03/28/2015,22.49
03/29/2015,20.97
03/30/2015,19.64
03/31/2015,15.92
04/01/2015,16.54
04/02/2015,17.34
04/04/2015,14.84
04/05/2015,11.89
04/06/2015,11.78
04/07/2015,12.7
04/08/2015,14.27
04/09/2015,14.27
04/10/2015,6.55
04/11/2015,6.84
04/12/2015,4.35
04/13/2015,4.37
04/14/2015,2.8
04/15/2015,2.27
04/16/2015,2.23
04/17/2015,1.13
04/18/2015,1.09
04/19/2015,0.57
04/20/2015,0.23
04/21/2015,0.02
04/22/2015,0
04/23/2015,0
04/24/2015,0
04/25/2015,0
04/26/2015,0
04/27/2015,0
04/28/2015,0
04/29/2015,0
04/30/2015,0
05/01/2015,0
05/02/2015,0
05/03/2015,0
05/04/2015,0
05/05/2015,0
05/06/2015,0
05/07/2015,0
05/08/2015,0
05/09/2015,0
05/10/2015,0
05/11/2015,0
05/12/2015,0
05/13/2015,0
05/14/2015,0
05/15/2015,0
05/16/2015,0
05/17/2015,0
05/18/2015,0
05/19/2015,0
05/20/2015,0
05/21/2015,0
05/22/2015,0
05/23/2015,0
05/24/2015,0
05/25/2015,0
05/26/2015,0
05/27/2015,0
05/28/2015,0
11/27/2015,0
11/28/2015,0
11/29/2015,0
11/30/2015,0
12/01/2015,0
12/02/2015,0
12/03/2015,0
12/04/2015,0
12/05/2015,0
12/06/2015,0
12/07/2015,0
12/08/2015,0
12/09/2015,0
12/10/2015,0
12/11/2015,0
12/12/2015,0
12/13/2015,0
12/14/2015,0
12/15/2015,0
12/16/2015,0
12/17/2015,0
12/18/2015,0
12/19/2015,0
12/20/2015,0
12/21/2015,0
12/22/2015,0
12/23/2015,0
12/24/2015,0
12/26/2015,0
12/27/2015,0
12/28/2015,0
12/29/2015,0
12/30/2015,0.31
12/31/2015,0.07
01/01/2016,0.1
01/02/2016,0.1
01/03/2016,0.1
01/04/2016,0.1
01/05/2016,0.6
01/06/2016,0.8
01/07/2016,0.9
01/08/2016,0.7
01/09/2016,0.7
01/10/2016,0.7
01/11/2016,0.7
01/12/2016,0.9
01/13/2016,0.9
01/14/2016,0.9
01/15/2016,0.9
01/16/2016,0.9
01/17/2016,0.8
01/18/2016,0.9
01/19/2016,1.4
01/20/2016,1.1
01/21/2016,2.4
01/22/2016,2.5
01/23/2016,1.3
01/24/2016,1.3
01/25/2016,1.3
01/26/2016,1.3
01/27/2016,1.3
01/28/2016,1.5
01/29/2016,1.5
01/30/2016,1.5
01/31/2016,1.4
02/01/2016,1.3
02/02/2016,1.0
02/03/2016,1.1
02/04/2016,1.1
02/05/2016,1.0
02/06/2016,1.0
02/07/2016,0.7
02/08/2016,0.7
02/09/2016,0.8
02/10/2016,0.8
02/11/2016,1.0
02/12/2016,3.7
02/13/2016,6.3
02/14/2016,23.5
02/15/2016,22.8
02/16/2016,4.2
02/17/2016,4.1
02/18/2016,15.2
02/19/2016,12.1
02/20/2016,7.9
02/21/2016,8.2
02/22/2016,6.2
02/23/2016,6.5
02/24/2016,5.1
02/25/2016,4.7
02/26/2016,5.0
02/27/2016,4.5
02/28/2016,2.6
02/29/2016,2.3
03/01/2016,2.4
03/02/2016,6.4
03/03/2016,10.5
03/04/2016,9.5
03/05/2016,9.5
03/06/2016,11.1
03/07/2016,8.1
03/08/2016,4.6
03/09/2016,4.1
03/10/2016,3.2
03/11/2016,2.7
03/12/2016,1.6
03/13/2016,1.5
03/14/2016,1.5
03/15/2016,1.7
03/16/2016,1.5
03/17/2016,0.1
03/18/2016,0.1
03/19/2016,0.6
03/20/2016,0.1
03/21/2016,0.0
03/22/2016,0.0
03/23/2016,0.0
03/24/2016,0.0
03/25/2016,0.0
03/26/2016,0.0
03/27/2016,0.0
03/28/2016,0.0
03/29/2016,0.0
03/30/2016,0.0
03/31/2016,0.0
04/01/2016,0.0
04/02/2016,0.0
04/03/2016,0.0
04/04/2016,0.0
04/05/2016,0.0
04/06/2016,0.0
04/07/2016,0.0
04/08/2016,0.0
04/09/2016,0.0
04/10/2016,0.0
04/11/2016,0.0
04/12/2016,0.0
04/13/2016,0.0
04/14/2016,0
04/15/2016,0
04/16/2016,0
04/17/2016,0
04/18/2016,0
04/19/2016,0
04/20/2016,0
04/21/2016,0
04/22/2016,0
04/23/2016,0
04/24/2016,0
04/25/2016,0
04/26/2016,0
04/27/2016,0
04/28/2016,0
04/29/2016,0
04/30/2016,0
05/01/2016,0
05/02/2016,0
05/03/2016,0
05/04/2016,0
05/05/2016,0
