Lake Superior:, Ice Cover Data
Source:, CIS; NIC
Date, Percent_Ice
12/19/1972,0
12/20/1972,16.62
12/28/1972,9.35
01/02/1973,13.03
01/09/1973,29.69
01/16/1973,15.25
01/23/1973,11.51
01/30/1973,21.96
02/06/1973,13.32
02/13/1973,26.04
02/20/1973,39.38
02/27/1973,71.13
03/06/1973,56.5
03/13/1973,34.28
03/21/1973,9.98
03/27/1973,4.81
04/06/1973,1.39
04/07/1973,0
12/30/1973,0
12/31/1973,13
01/10/1974,37.61
01/17/1974,33.11
01/23/1974,22.58
01/31/1974,21.68
02/07/1974,39.52
02/14/1974,73.65
02/21/1974,74.12
02/28/1974,74.62
03/07/1974,54.96
03/14/1974,59.22
03/21/1974,70.04
03/28/1974,73.54
04/04/1974,54.18
04/11/1974,26.26
04/18/1974,18.66
04/25/1974,11.72
05/02/1974,7.78
05/03/1974,0
01/01/1975,0
01/02/1975,1.92
01/09/1975,4.41
01/16/1975,10.4
01/23/1975,17.4
01/30/1975,18.09
02/06/1975,26.16
02/13/1975,66.06
02/20/1975,35.73
02/27/1975,23.33
03/06/1975,22.66
03/13/1975,31.87
03/20/1975,12.26
03/27/1975,14.86
04/03/1975,22.55
04/10/1975,9.18
04/17/1975,3.1
04/24/1975,2.34
04/25/1975,0
12/22/1975,0
12/23/1975,5.5
12/30/1975,7.8
01/06/1976,10.89
01/13/1976,18.43
01/20/1976,12.22
01/27/1976,25.65
02/03/1976,30.41
02/10/1976,33.12
02/17/1976,35.35
02/24/1976,23.48
03/02/1976,33.1
03/09/1976,40.84
03/16/1976,52.4
03/23/1976,26.1
03/30/1976,12.04
04/06/1976,10.49
04/13/1976,7.24
04/20/1976,1.34
04/21/1976,0
12/15/1976,0
12/16/1976,18.53
12/23/1976,20.48
12/30/1976,28.71
01/06/1977,35.47
01/12/1977,59.59
01/19/1977,73.15
01/26/1977,83
02/02/1977,81.21
02/09/1977,91.73
02/16/1977,96.04
02/23/1977,95.7
03/02/1977,93.46
03/09/1977,73.3
03/16/1977,81.75
03/23/1977,81.34
03/30/1977,60.37
04/06/1977,34.98
04/13/1977,28.87
04/20/1977,23.51
04/27/1977,9.59
05/04/1977,5.94
05/05/1977,0
12/20/1977,0
12/21/1977,6.88
12/28/1977,12.47
01/04/1978,13.52
01/11/1978,17.98
01/18/1978,28.58
01/25/1978,23.36
02/01/1978,21.38
02/08/1978,38.38
02/15/1978,51.18
02/22/1978,85.22
03/01/1978,92.49
03/08/1978,83.43
03/15/1978,92.09
03/22/1978,29.07
03/29/1978,33.12
04/05/1978,18.49
04/12/1978,11.76
04/19/1978,12.47
04/26/1978,9.94
05/03/1978,6.78
05/04/1978,0
12/17/1978,0
12/18/1978,6.93
12/25/1978,7.2
12/27/1978,8.28
01/01/1979,11.33
01/08/1979,20.98
01/15/1979,52.33
01/22/1979,46.78
01/29/1979,52.48
02/05/1979,66.44
02/12/1979,90.38
02/19/1979,96.49
02/26/1979,97.11
03/05/1979,85.69
03/12/1979,94.79
03/19/1979,84.43
03/26/1979,91.77
04/02/1979,60.93
04/09/1979,65.53
04/16/1979,42.53
04/23/1979,41.6
04/30/1979,37.19
05/07/1979,25.19
05/14/1979,12.55
05/15/1979,0
01/01/1980,0
01/02/1980,10.15
01/09/1980,9.18
01/16/1980,8.77
01/24/1980,10.11
01/30/1980,33.19
02/06/1980,63.28
02/13/1980,65.29
02/20/1980,63.08
02/27/1980,58.13
03/05/1980,80.7
03/12/1980,43.86
03/19/1980,32.42
03/26/1980,26.04
04/02/1980,26.21
04/09/1980,18.32
04/16/1980,9.08
04/17/1980,0
12/23/1980,0
12/24/1980,8.41
01/07/1981,40.47
01/14/1981,31.43
01/21/1981,27.75
01/28/1981,33.18
02/04/1981,83.55
02/11/1981,85.57
02/18/1981,82.01
02/25/1981,54.49
03/04/1981,82.82
03/11/1981,51.6
03/18/1981,23.9
03/25/1981,30
04/01/1981,22.12
04/08/1981,17.09
04/15/1981,7.99
04/16/1981,0
12/20/1981,0
12/21/1981,6.59
12/29/1981,6.6
01/04/1982,10.98
01/11/1982,24.73
01/18/1982,40.46
01/25/1982,31.37
02/02/1982,47.06
02/09/1982,76.83
02/17/1982,75.82
02/23/1982,58.88
03/03/1982,83.75
03/09/1982,85.81
03/17/1982,42
03/23/1982,40.14
03/29/1982,23.87
04/06/1982,31.81
04/13/1982,18.11
04/20/1982,12.29
04/26/1982,10.42
05/05/1982,9.42
05/12/1982,5.38
05/17/1982,5
05/18/1982,0
12/20/1982,0
12/21/1982,6.6
12/27/1982,7.18
01/03/1983,12.18
01/11/1983,7.94
01/18/1983,13.33
01/25/1983,20.83
02/01/1983,21.76
02/08/1983,23.31
02/14/1983,19.38
02/23/1983,20.76
03/01/1983,14.82
03/08/1983,12.43
03/15/1983,8.28
03/23/1983,13.53
03/30/1983,11.3
04/05/1983,7.22
04/12/1983,6.64
04/19/1983,6.61
04/26/1983,6.36
05/03/1983,5.81
05/04/1983,0
12/19/1983,0
12/20/1983,14.63
12/27/1983,17.21
01/03/1984,23.66
01/10/1984,11.86
01/18/1984,43.84
01/24/1984,23.85
02/01/1984,39.52
02/08/1984,72.5
02/15/1984,32.87
02/22/1984,22.61
02/29/1984,33.92
03/07/1984,88.35
03/15/1984,81.91
03/22/1984,73.48
03/24/1983,47.46
03/29/1984,34.69
04/05/1984,33.85
04/08/1984,29.27
04/12/1984,24.43
04/19/1984,14.99
04/26/1984,9.13
05/03/1984,5.16
05/04/1984,0
12/21/1984,0
12/22/1984,6.69
12/28/1984,21.48
01/05/1985,22.13
01/12/1985,25.78
01/19/1985,30
01/26/1985,39.33
02/02/1985,46.76
02/09/1985,80.16
02/16/1985,74.48
02/23/1985,79.22
03/02/1985,82.07
03/09/1985,73.56
03/16/1985,38.85
03/23/1985,36.44
03/30/1985,27.37
04/06/1985,11.39
04/13/1985,8.77
04/20/1985,7.75
04/27/1985,5.87
04/28/1985,0
12/13/1985,0
12/14/1985,8.59
12/21/1985,10.55
12/28/1985,16.3
01/04/1986,15.7
01/11/1986,17.71
01/18/1986,25.91
01/25/1986,27.59
02/01/1986,44.17
02/08/1986,56.59
02/15/1986,68.39
02/22/1986,90.7
03/01/1986,84.07
03/08/1986,82.48
03/15/1986,86.95
03/22/1986,54.14
03/29/1986,38.02
04/05/1986,26.31
04/12/1986,9.44
04/19/1986,8.25
04/23/1986,4.76
04/24/1986,0
12/26/1986,0
12/27/1986,6.96
01/03/1987,6.74
01/10/1987,1.76
01/17/1987,6.47
01/24/1987,15.67
02/01/1987,14.99
02/07/1987,13.48
02/14/1987,12.53
02/21/1987,10.45
02/28/1987,9.39
03/07/1987,8.26
03/14/1987,8.51
03/21/1987,3.13
03/28/1987,4.8
04/05/1987,7.04
04/06/1987,0
01/02/1988,0
01/03/1988,6.59
01/10/1988,24.66
01/17/1988,21.63
01/24/1988,19.85
01/31/1988,15.67
02/07/1988,39.94
02/14/1988,68.54
02/21/1988,67.17
02/28/1988,46.94
03/06/1988,47.65
03/13/1988,49.88
03/20/1988,59.39
03/27/1988,26.07
04/03/1988,11.89
04/10/1988,5.91
04/17/1988,4.22
04/18/1988,0
12/13/1988,0
12/14/1988,1.81
12/16/1988,2.35
12/19/1988,2.96
12/21/1988,2.83
12/23/1988,3.14
12/26/1988,5.97
12/28/1988,5.2
12/30/1988,6.63
01/02/1989,6.79
01/04/1989,8.36
01/06/1989,10.21
01/09/1989,9.54
01/11/1989,22.39
01/13/1989,21.27
01/16/1989,24.08
01/18/1989,23.66
01/20/1989,18.38
01/23/1989,20.52
01/25/1989,22.05
01/27/1989,31.53
01/30/1989,10.24
02/01/1989,11.31
02/03/1989,18.9
02/06/1989,26.78
02/08/1989,26.16
02/10/1989,20.37
02/13/1989,23.02
02/15/1989,20.51
02/17/1989,31.09
02/20/1989,22.96
02/22/1989,27.93
02/24/1989,43.27
02/27/1989,46.45
03/01/1989,46.48
03/03/1989,59.27
03/06/1989,79.46
03/08/1989,87.73
03/10/1989,70.42
03/13/1989,78.6
03/15/1989,80.15
03/17/1989,80.76
03/20/1989,77.95
03/22/1989,86.34
03/24/1989,87.26
03/27/1989,86.59
03/29/1989,70.9
03/31/1989,57.26
04/03/1989,55.96
04/05/1989,42.32
04/07/1989,46.69
04/10/1989,49.15
04/12/1989,43.94
04/14/1989,38.11
04/17/1989,20.92
04/19/1989,12.7
04/21/1989,11.64
04/24/1989,7.53
04/26/1989,4.3
04/28/1989,3.95
05/01/1989,2.98
05/03/1989,2.16
05/05/1989,0.82
05/08/1989,0.5
05/09/1989,0
12/12/1989,0
12/13/1989,3.14
12/15/1989,4.8
12/18/1989,5.17
12/20/1989,5.56
12/22/1989,6.95
12/25/1989,8.21
12/27/1989,20.02
12/29/1989,23.39
01/01/1990,21.01
01/03/1990,19.42
01/05/1990,18.76
01/08/1990,24.89
01/10/1990,24.57
01/12/1990,24.5
01/16/1990,23.98
01/17/1990,16.8
01/19/1990,11.52
01/22/1990,22.72
01/24/1990,22.64
01/26/1990,25.4
01/29/1990,22.82
01/31/1990,22.95
02/02/1990,32.74
02/05/1990,34.59
02/07/1990,33.14
02/09/1990,35.43
02/12/1990,29.41
02/14/1990,27.67
02/16/1990,33.95
02/19/1990,36.19
02/21/1990,39.01
02/23/1990,29.69
02/26/1990,49.45
02/28/1990,54.2
03/02/1990,50.1
03/05/1990,76.81
03/07/1990,75.64
03/09/1990,64.05
03/12/1990,61.94
03/14/1990,61.67
03/16/1990,43.06
03/19/1990,41.03
03/21/1990,16.15
03/23/1990,15.6
03/26/1990,22.98
03/28/1990,22.69
03/30/1990,13.13
04/02/1990,11.97
04/04/1990,7.95
04/06/1990,8.22
04/09/1990,5.09
04/11/1990,4.98
04/13/1990,4.56
04/16/1990,1.41
04/18/1990,1.41
04/20/1990,2.23
04/23/1990,2.19
04/25/1990,1.55
04/27/1990,0.99
04/28/1990,0
12/27/1990,0
12/28/1990,1.88
12/30/1990,2.79
01/02/1991,4.28
01/04/1991,4.44
01/07/1991,7.12
01/09/1991,12.84
01/11/1991,13.03
01/14/1991,20.72
01/16/1991,21.15
01/18/1991,19.64
01/21/1991,17.31
01/23/1991,21.58
01/25/1991,28.05
01/28/1991,51.26
01/30/1991,31.22
02/01/1991,66.24
02/04/1991,72.39
02/06/1991,23.42
02/08/1991,16.15
02/11/1991,10.18
02/13/1991,8.24
02/15/1991,21.07
02/18/1991,37.72
02/20/1991,33.98
02/22/1991,38
02/25/1991,70.93
02/27/1991,83.96
03/01/1991,84.19
03/04/1991,91.26
03/06/1991,89.83
03/08/1991,77.02
03/11/1991,79.14
03/13/1991,60.61
03/15/1991,51.5
03/18/1991,41.66
03/20/1991,39.28
03/22/1991,40.03
03/25/1991,19
03/27/1991,11.67
03/29/1991,10.34
04/01/1991,8.68
04/03/1991,6.99
04/05/1991,7.64
04/08/1991,7.13
04/10/1991,4.89
04/12/1991,3.11
04/15/1991,2.83
04/17/1991,2.46
04/19/1991,1.86
04/22/1991,1.64
04/24/1991,1.3
04/26/1991,1.15
04/29/1991,0.65
05/01/1991,0.43
05/02/1991,0
12/05/1991,0
12/06/1991,8.28
12/09/1991,7.51
12/11/1991,6.43
12/13/1991,4.45
12/16/1991,6.32
12/18/1991,8.26
12/20/1991,9.03
12/23/1991,8.62
12/24/1991,9.95
12/27/1991,8.85
12/30/1991,5.41
12/31/1991,6.16
01/03/1991,6.55
01/06/1991,5.5
01/08/1991,5.7
01/10/1991,6.67
01/13/1991,8.16
01/15/1991,9.92
01/17/1991,11.93
01/20/1991,13.78
01/22/1991,15.96
01/24/1991,18.46
01/27/1991,20.49
01/29/1991,25.38
01/31/1991,25.78
02/03/1992,35.43
02/05/1992,23.79
02/07/1992,22.98
02/10/1992,26.08
02/12/1992,25.38
02/14/1992,26.63
02/17/1992,25.82
02/19/1992,24.48
02/21/1992,13.63
02/24/1992,23.92
02/26/1992,19.13
02/28/1992,17.34
03/02/1992,24.96
03/04/1992,19.34
03/06/1992,15.81
03/09/1992,10.66
03/11/1992,10.81
03/13/1992,27.44
03/17/1992,56.69
03/18/1992,51.49
03/20/1992,46
03/23/1992,81.27
03/25/1992,56
03/27/1992,52.29
03/30/1992,29.92
04/01/1992,17.02
04/03/1992,19.09
04/06/1992,12.08
04/08/1992,5.59
04/10/1992,7.7
04/13/1992,4.01
04/15/1992,3.75
04/17/1992,3.58
04/20/1992,3.18
04/22/1992,2.15
04/24/1992,2.21
04/27/1992,1.3
04/29/1992,1.2
05/01/1992,0.99
05/04/1992,0.68
05/06/1992,0.73
05/08/1992,0.73
05/11/1992,0
05/12/1992,0
12/13/1992,0
12/14/1992,0.92
12/16/1992,1.03
12/18/1992,1.12
12/21/1992,0.91
12/23/1992,1.69
12/25/1992,1.82
12/28/1992,6.57
12/30/1992,6.45
01/01/1993,6.04
01/04/1993,4.22
01/06/1993,5.96
01/08/1993,3.2
01/11/1993,9.92
01/13/1993,15.2
01/15/1993,15.77
01/18/1993,14.38
01/20/1993,13.2
01/22/1993,12.82
01/25/1993,12.59
01/27/1993,12.64
01/29/1993,10.43
02/01/1993,5.24
02/03/1993,5.79
02/05/1993,4.34
02/08/1993,7.06
02/10/1993,11.12
02/12/1993,10.14
02/15/1993,10.56
02/17/1993,11.51
02/19/1993,24.82
02/22/1993,52.57
02/24/1993,44.84
02/26/1993,60.24
03/01/1993,79.56
03/03/1993,36.58
03/05/1993,43.45
03/08/1993,43.49
03/10/1993,43.7
03/12/1993,23.22
03/15/1993,42.74
03/17/1993,28.31
03/19/1993,42.2
03/22/1993,48.37
03/24/1993,48.68
03/26/1993,54.64
03/29/1993,39.05
03/31/1993,22.78
04/02/1993,16.77
04/05/1993,10.74
04/07/1993,5.5
04/09/1993,4.85
04/12/1993,4.34
04/14/1993,3.82
04/16/1993,2.88
04/19/1993,2.77
04/21/1993,2.55
04/23/1993,2.06
04/26/1993,2.13
04/28/1993,1.24
04/30/1993,1.08
05/03/1993,0.6
05/05/1993,0.63
05/06/1993,0
12/02/1993,0
12/03/1993,1.52
12/06/1993,0.91
12/08/1993,1.53
12/10/1993,1.66
12/13/1993,1.73
12/15/1993,1.66
12/17/1993,1.56
12/20/1993,0.78
12/22/1993,1.31
12/27/1993,3.71
01/03/1994,12.73
01/05/1994,13.23
01/07/1994,16.08
01/10/1994,15.36
01/12/1994,16.63
01/17/1994,32.3
01/19/1994,35.08
01/21/1994,50.94
01/24/1994,50.35
01/26/1994,49.06
01/28/1994,49.67
01/31/1994,80.69
02/02/1994,91.2
02/04/1994,89.42
02/07/1994,95.76
02/09/1994,96.66
02/11/1994,96.01
02/14/1994,96.01
02/16/1994,94.97
02/21/1994,85.31
02/23/1994,94.47
02/25/1994,93.93
02/28/1994,95.65
03/02/1994,95.24
03/04/1994,94.32
03/07/1994,93.61
03/09/1994,78
03/11/1994,78.32
03/14/1994,79.02
03/16/1994,66.52
03/18/1994,68.19
03/21/1994,80.49
03/23/1994,68
03/25/1994,66.22
03/28/1994,54.33
03/30/1994,53.94
04/01/1994,53.94
04/04/1994,47.59
04/06/1994,41.08
04/08/1994,44.97
04/11/1994,37.79
04/13/1994,36.68
04/15/1994,38.55
04/18/1994,13.6
04/20/1994,15.23
04/22/1994,8.86
04/25/1994,6.29
04/27/1994,6.15
04/29/1994,6.6
05/02/1994,5.13
05/04/1994,4.87
05/06/1994,3.25
05/11/1994,1.93
05/13/1994,0.83
05/14/1994,0
12/08/1994,0
12/09/1994,0.61
12/12/1994,1.01
12/14/1994,0.94
12/16/1994,1.12
12/19/1994,1.25
12/21/1994,1.05
12/23/1994,1.01
12/26/1994,1.02
12/28/1994,0.91
12/30/1994,1.66
01/02/1995,1.59
01/04/1995,2.2
01/06/1995,8.49
01/09/1995,4.91
01/11/1995,5.39
01/13/1995,5.95
01/16/1995,4.99
01/18/1995,4.97
01/20/1995,4.57
01/23/1995,5.31
01/25/1995,5.95
01/27/1995,8.05
01/30/1995,6.09
02/01/1995,5.31
02/03/1995,7.28
02/06/1995,6.67
02/08/1995,10.14
02/10/1995,12.52
02/13/1995,13.14
02/15/1995,11.36
02/17/1995,14.6
02/20/1995,13.09
02/22/1995,8.88
02/24/1995,10.87
02/27/1995,15.41
03/01/1995,35.05
03/03/1995,34.77
03/06/1995,22.66
03/08/1995,17.84
03/10/1995,43.86
03/13/1995,29.25
03/15/1995,20.46
03/17/1995,25.41
03/20/1995,14.45
03/22/1995,8.15
03/24/1995,6.27
03/27/1995,5.4
03/29/1995,5.42
03/31/1995,4.62
04/03/1995,3.95
04/05/1995,3.97
04/07/1995,3.03
04/10/1995,2.82
04/12/1995,3.27
04/14/1995,3.41
04/19/1995,1.92
04/21/1995,1.51
04/24/1995,1.07
04/26/1995,1.2
04/28/1995,1.18
05/01/1995,1.01
05/03/1995,1.1
05/05/1995,0.53
05/08/1995,0.45
05/10/1995,0.05
05/11/1995,0
11/16/1995,0
11/17/1995,0.59
11/20/1995,0.53
11/22/1995,0.61
11/27/1995,0.98
11/29/1995,1.26
12/04/1995,1.04
12/06/1995,1.12
12/08/1995,1.21
12/11/1995,2.22
12/18/1995,3.98
12/22/1995,3.21
12/25/1995,3.23
12/27/1995,3.58
12/29/1995,3.18
01/01/1996,4.46
01/03/1996,4.69
01/05/1996,6.49
01/12/1996,16.74
01/15/1996,7.39
01/17/1996,6.58
01/19/1996,6.96
01/22/1996,22.35
01/24/1996,23.75
01/26/1996,21.88
01/29/1996,20.79
01/31/1996,22.95
02/02/1996,47.95
02/05/1996,87.61
02/07/1996,81.77
02/09/1996,71.32
02/12/1996,56.28
02/14/1996,68.74
02/16/1996,82.64
02/19/1996,95.52
02/21/1996,79.19
02/23/1996,75.76
02/26/1996,65.46
02/28/1996,93.51
03/01/1996,97.75
03/04/1996,99.09
03/06/1996,99.68
03/08/1996,100
03/11/1996,77.87
03/13/1996,89.25
03/18/1996,74.83
03/20/1996,99.18
03/22/1996,71.68
03/25/1996,47.62
03/27/1996,95.7
04/01/1996,92.38
04/03/1996,81.43
04/05/1996,63.08
04/08/1996,65.25
04/10/1996,58.83
04/12/1996,57.05
04/15/1996,32.57
04/17/1996,29.89
04/19/1996,32.03
04/22/1996,31.52
04/24/1996,26.72
04/26/1996,22.93
04/29/1996,15.02
05/01/1996,12.62
05/03/1996,11.62
05/06/1996,11.58
05/08/1996,11.88
05/10/1996,10.07
05/13/1996,7.45
05/15/1996,8.29
05/17/1996,4.93
05/20/1996,1.56
05/22/1996,1.08
05/24/1996,0.65
05/29/1996,0.19
05/31/1996,0.16
06/01/1996,0
11/25/1996,0
11/26/1996,0.93
11/29/1996,2.04
12/03/1996,1.28
12/06/1996,1.11
12/10/1996,1.01
12/13/1996,1.37
12/17/1996,0.87
12/20/1996,1.39
12/24/1996,3.05
12/27/1996,6.25
12/31/1996,5.97
01/03/1997,5.33
01/07/1997,4.47
01/10/1997,5.81
01/14/1997,10.47
01/17/1997,13.32
01/21/1997,18.81
01/24/1997,13.25
01/28/1997,29.82
01/31/1997,44.05
02/04/1997,36.48
02/07/1997,35.28
02/11/1997,51.15
02/14/1997,58.94
02/18/1997,65.8
02/21/1997,54.51
02/25/1997,76.82
02/28/1997,79.87
03/04/1997,61.67
03/07/1997,65.02
03/11/1997,67.28
03/14/1997,74.31
03/18/1997,89.03
03/21/1997,79.97
03/25/1997,86.28
03/28/1997,74.23
04/01/1997,65.64
04/04/1997,56.93
04/08/1997,37.82
04/11/1997,15.65
04/15/1997,17.33
04/18/1997,13.74
04/22/1997,12.8
04/25/1997,12.6
04/29/1997,11.48
05/02/1997,7.18
05/06/1997,2.94
05/09/1997,0.7
05/13/1997,0
05/14/1997,0
12/01/1997,0
12/02/1997,0.43
12/05/1997,0.44
12/09/1997,0.43
12/12/1997,0.5
12/16/1997,0.44
12/19/1997,0.64
12/23/1997,1.16
12/26/1997,2.42
12/30/1997,1.94
01/02/1998,2.21
01/06/1998,2.13
01/09/1998,2.79
01/13/1998,4.35
01/16/1998,11.04
01/20/1998,6.18
01/23/1998,7.84
01/27/1998,7.17
01/30/1998,7.33
02/03/1998,9.25
02/06/1998,8.92
02/10/1998,6.62
02/13/1998,7.84
02/17/1998,4.74
02/20/1998,3.16
02/24/1998,3.08
02/27/1998,2.64
03/03/1998,2.16
03/06/1998,1.68
03/10/1998,1.72
03/13/1998,2.07
03/17/1998,4.11
03/20/1998,3.69
03/24/1998,2.17
03/27/1998,1.63
03/31/1998,1.09
04/03/1998,0.76
04/07/1998,0.86
04/10/1998,0.75
04/14/1998,0.71
04/17/1998,0.14
04/21/1998,0.08
04/24/1998,0
04/25/1998,0
12/14/1998,0
12/15/1998,0.28
12/18/1998,0.21
12/25/1998,1.33
01/01/1999,3.1
01/08/1999,7.04
01/15/1999,15.11
01/22/1999,4.84
01/29/1999,5.86
02/05/1999,4.74
02/12/1999,3.35
02/19/1999,7.25
02/26/1999,11.92
03/05/1999,9.85
03/12/1999,8.8
03/19/1999,5.33
03/26/1999,4.59
04/02/1999,2.41
04/09/1999,1.73
04/16/1999,1.42
04/23/1999,1.31
04/30/1999,1.11
05/01/1999,0
12/02/1999,0
12/03/1999,0.02
12/10/1999,0.06
12/17/1999,1.28
12/24/1999,1.71
12/31/1999,2.53
01/07/2000,3.26
01/14/2000,6.61
01/21/2000,7.81
01/28/2000,18.4
02/04/2000,11.25
02/11/2000,9.39
02/18/2000,33.24
02/25/2000,14.47
03/03/2000,4.48
03/10/2000,3
03/17/2000,3
03/24/2000,2
03/31/2000,1.32
04/07/2000,0.79
04/14/2000,0.44
04/21/2000,0.19
04/28/2000,0
04/29/2000,0
11/30/2000,0
12/01/2000,0.39
12/05/2000,0.45
12/07/2000,0.78
12/11/2000,2.88
12/14/2000,2.07
12/21/2000,2.05
12/25/2000,6.73
12/28/2000,4.55
01/01/2001,9.62
01/04/2001,6.15
01/08/2001,9.84
01/11/2001,6.38
01/15/2001,8.93
01/18/2001,4.52
01/22/2001,8.62
01/25/2001,7.65
01/29/2001,9.12
02/01/2001,7.11
02/05/2001,11.18
02/08/2001,11.36
02/12/2001,27.42
02/15/2001,22.16
02/19/2001,20.47
02/22/2001,24.1
02/26/2001,22.82
03/01/2001,46.48
03/05/2001,37.97
03/08/2001,45.5
03/12/2001,46.84
03/15/2001,31.6
03/19/2001,46.8
03/22/2001,24.63
03/26/2001,24.04
03/29/2001,31.47
04/02/2001,16.46
04/05/2001,16.05
04/09/2001,13.31
04/12/2001,6.79
04/16/2001,4.68
04/19/2001,2.29
04/23/2001,2.01
04/26/2001,1.6
04/30/2001,1.54
05/03/2001,1.12
05/04/2001,0
12/02/2001,0
12/03/2001,0.02
12/07/2001,0.01
12/10/2001,0.13
12/13/2001,0.61
12/17/2001,0.56
12/20/2001,0.84
12/24/2001,0.69
12/27/2001,1.2
12/31/2001,1.56
01/03/2002,2.1
01/07/2002,2.11
01/10/2002,4.61
01/14/2002,1.91
01/17/2002,2.83
01/21/2002,3.7
01/24/2002,2.54
01/28/2002,3.72
01/31/2002,6.08
02/04/2002,3.66
02/07/2002,4.34
02/11/2002,4.18
02/14/2002,4.94
02/18/2002,4.25
02/21/2002,3.61
02/25/2002,3.49
02/28/2002,4.5
03/04/2002,7.77
03/07/2002,8.23
03/11/2002,5.46
03/14/2002,9.98
03/18/2002,10.25
03/21/2002,6.23
03/25/2002,7.7
03/28/2002,7.64
04/01/2002,3.96
04/04/2002,4.03
04/08/2002,4.32
04/11/2002,3.45
04/15/2002,2.99
04/18/2002,1.81
04/22/2002,1.65
04/25/2002,1.19
04/29/2002,0.88
05/02/2002,0.6
05/09/2002,0
05/10/2002,0
12/01/2002,0
12/02/2002,1.17
12/05/2002,1.45
12/09/2002,1.42
12/12/2002,1.38
12/16/2002,1.66
12/19/2002,1.53
12/23/2002,1.41
12/26/2002,1.58
12/30/2002,1.63
01/02/2003,2.51
01/06/2003,2.62
01/09/2003,2.9
01/13/2003,5.6
01/16/2003,5.52
01/20/2003,7.78
01/23/2003,10.85
01/27/2003,17.34
01/30/2003,25.66
02/03/2003,26.29
02/06/2003,23.67
02/10/2003,23.31
02/13/2003,35.76
02/17/2003,85.3
02/20/2003,61.2
02/24/2003,83.69
02/27/2003,92.03
03/03/2003,95.45
03/10/2003,95.55
03/13/2003,90.49
03/17/2003,87.07
03/20/2003,81.51
03/24/2003,76.91
03/27/2003,74.03
03/31/2003,46.34
04/03/2003,57.32
04/07/2003,48.72
04/10/2003,42.71
04/14/2003,18.32
04/21/2003,6.01
04/24/2003,5.83
04/28/2003,3.17
05/01/2003,3.71
05/05/2003,1.98
05/08/2003,1.45
05/12/2003,0.49
05/15/2003,0.64
05/19/2003,0.28
05/22/2003,0.27
05/26/2003,0.24
05/29/2003,0.11
05/30/2003,0
11/30/2003,0
12/01/2003,0.39
12/03/2003,0.89
12/08/2003,0.68
12/11/2003,0.98
12/15/2003,1.26
12/18/2003,1.49
12/22/2003,1.29
12/25/2003,2.88
12/29/2003,1.69
01/01/2004,2.17
01/05/2004,2.33
01/08/2004,6.11
01/12/2004,6.8
01/15/2004,9.95
01/19/2004,7.72
01/22/2004,14.9
01/26/2004,23.06
01/29/2004,27.8
02/02/2004,40
02/05/2004,40
02/09/2004,41.32
02/12/2004,46.3
02/16/2004,24.06
02/19/2004,52.26
02/23/2004,26.22
02/26/2004,32.98
03/01/2004,29.6
03/04/2004,25.2
03/08/2004,19.09
03/11/2004,17.82
03/15/2004,13.19
03/18/2004,15.62
03/22/2004,10.05
03/25/2004,10.25
03/29/2004,5.97
04/01/2004,7.26
04/05/2004,3.89
04/08/2004,3.41
04/12/2004,3.15
04/15/2004,2.43
04/19/2004,1.73
04/22/2004,1.35
04/26/2004,1.22
04/29/2004,0.8
05/03/2004,0.12
05/06/2004,0
05/07/2004,0
12/01/2004,0
12/02/2004,0.36
12/06/2004,0.51
12/09/2004,0.63
12/13/2004,0.7
12/16/2004,1.28
12/20/2004,1.64
12/23/2004,2.07
12/27/2004,3.74
12/30/2004,2.97
01/03/2005,2.94
01/06/2005,5.04
01/10/2005,5.28
01/13/2005,9.4
01/17/2005,10.06
01/20/2005,15.18
01/24/2005,16.52
01/27/2005,15.56
01/31/2005,16.2
02/03/2005,14.07
02/07/2005,6.47
02/10/2005,5.19
02/14/2005,8.2
02/17/2005,6.8
02/21/2005,23.46
02/24/2005,32.11
02/28/2005,29.06
03/03/2005,32.27
03/07/2005,16.17
03/10/2005,37.71
03/14/2005,45.93
03/17/2005,55.71
03/21/2005,23.01
03/24/2005,24.92
03/28/2005,16.25
03/31/2005,17.42
04/04/2005,7.37
04/07/2005,5.24
04/11/2005,3.09
04/14/2005,2.62
04/18/2005,1.77
04/21/2005,1.22
04/25/2005,0.25
04/28/2005,0.11
05/02/2005,0.04
05/05/2005,0
05/09/2005,0
05/10/2005,0
11/27/2005,0
11/28/2005,0.35
12/01/2005,0.59
12/05/2005,0.86
12/08/2005,1.48
12/12/2005,1.04
12/15/2005,1.71
12/20/2005,1.33
12/22/2005,1.97
12/26/2005,1.92
12/29/2005,1.87
01/02/2006,1.91
01/05/2006,2.05
01/09/2006,3.12
01/12/2006,2.37
01/16/2006,2.28
01/19/2006,3.71
01/23/2006,2.98
01/26/2006,2.73
01/30/2006,2.84
02/02/2006,2.98
02/06/2006,2.81
02/09/2006,5.68
02/13/2006,5.24
02/16/2006,9.61
02/20/2006,8.29
02/23/2006,8.77
02/27/2006,9.49
03/02/2006,17.62
03/06/2006,16.21
03/09/2006,13.23
03/13/2006,7.26
03/16/2006,5.23
03/20/2006,5.41
03/23/2006,4.35
03/27/2006,4.34
03/30/2006,4.7
04/03/2006,3.08
04/06/2006,2.39
04/10/2006,2.01
04/13/2006,1.84
04/17/2006,1.38
04/20/2006,1.04
04/24/2006,0.31
04/27/2006,0.09
05/01/2006,0.04
05/04/2006,0
05/05/2006,0
12/03/2006,0
12/04/2006,0.6
12/07/2006,1.13
12/11/2006,1.17
12/14/2006,0.96
12/18/2006,0.94
12/21/2006,1.02
12/25/2006,1.19
12/28/2006,1.28
01/01/2007,1.6
01/04/2007,1.24
01/08/2007,0.8
01/11/2007,1.41
01/15/2007,2.22
01/18/2007,4.82
01/22/2007,6.26
01/25/2007,7.78
01/29/2007,8.69
02/01/2007,10.37
02/05/2007,16.7
02/08/2007,20.01
02/12/2007,28.38
02/15/2007,46.58
02/19/2007,44.11
02/22/2007,34.83
02/26/2007,21.33
03/01/2007,21.16
03/05/2007,17.91
03/08/2007,52.67
03/12/2007,14.53
03/15/2007,13.38
03/19/2007,13.36
03/22/2007,11.74
03/26/2007,7.25
03/29/2007,7.71
04/02/2007,4.61
04/05/2007,5.34
04/09/2007,4.41
04/12/2007,4.19
04/16/2007,2.59
04/19/2007,2.17
04/23/2007,2.05
04/26/2007,1.54
04/30/2007,0.55
05/03/2007,0.34
05/07/2007,0.08
05/10/2007,0
05/11/2007,0
11/25/2007,0
11/26/2007,0.07
11/29/2007,0.23
12/03/2007,1.05
12/06/2007,2.65
12/10/2007,1.81
12/13/2007,2.71
12/17/2007,3.04
12/20/2007,3.06
12/24/2007,2.26
12/27/2007,2.79
12/31/2007,3.8
01/03/2008,6.32
01/07/2008,2.8
01/10/2008,2.81
01/14/2008,2.3
01/17/2008,4.02
01/21/2008,8.99
01/24/2008,8.72
01/28/2008,10.06
01/31/2008,11.79
02/04/2008,11.03
02/07/2008,10.58
02/11/2008,12.02
02/14/2008,17.47
02/18/2008,15.45
02/21/2008,28.33
02/25/2008,32.85
02/28/2008,31.19
03/03/2008,39.08
03/06/2008,42.37
03/10/2008,63.66
03/13/2008,50.3
03/17/2008,50.32
03/19/2008,38
03/20/2008,33.44
03/25/2008,29.86
03/26/2008,19.74
03/27/2008,16.13
04/01/2008,12.2
04/02/2008,11.54
04/03/2008,12.01
04/08/2008,8.26
04/09/2008,7.24
04/10/2008,7.38
04/15/2008,5.4
04/16/2008,6.39
04/17/2008,5.4
04/21/2008,4.04
04/24/2008,2.06
04/28/2008,1.36
05/01/2008,1.23
05/05/2008,1.09
05/08/2008,0.98
05/12/2008,0.46
05/15/2008,0
05/16/2008,0
12/07/2008,0
12/08/2008,2.07
12/11/2008,2.05
12/15/2008,3.58
12/18/2008,4.87
12/22/2008,5.26
12/25/2008,7.43
12/29/2008,4.17
01/01/2009,6.04
01/05/2009,7.09
01/08/2009,9.01
01/12/2009,12.34
01/15/2009,24.3
01/19/2009,34.31
01/22/2009,29.95
01/26/2009,52.02
01/29/2009,60.68
02/02/2009,49.29
02/05/2009,71.63
02/09/2009,62.64
02/12/2009,57.67
02/16/2009,77.43
02/19/2009,71.83
02/23/2009,75.91
02/26/2009,79.26
03/02/2009,93.72
03/05/2009,88.59
03/10/2009,83.54
03/12/2009,81.15
03/17/2009,63.3
03/19/2009,53.88
03/24/2009,55.41
03/26/2009,35.43
03/31/2009,36.12
04/01/2009,33.8
04/02/2009,23.58
04/07/2009,16.59
04/09/2009,11.76
04/14/2009,14.15
04/16/2009,11.9
04/20/2009,6.66
04/23/2009,5.69
04/27/2009,4.12
04/30/2009,3
05/04/2009,0.88
05/07/2009,0.21
05/08/2009,0
12/06/2009,0
12/07/2009,0.34
12/09/2009,0.26
12/14/2009,1.55
12/17/2009,2.73
12/21/2009,2.54
12/24/2009,2.26
12/28/2009,1.85
12/31/2009,2.93
01/05/2010,4.4
01/06/2010,4.22
01/07/2010,4.6
01/09/2010,3.54
01/10/2010,2.46
01/12/2010,6.13
01/13/2010,6.53
01/14/2010,6.83
01/19/2010,5.14
01/21/2010,8.55
01/25/2010,4.1
01/28/2010,6.5
02/01/2010,8.53
02/04/2010,14.13
02/08/2010,13.16
02/15/2010,14.31
02/18/2010,10.13
02/22/2010,28.96
02/25/2010,11.07
03/01/2010,10.08
03/04/2010,16.68
03/09/2010,9.21
03/10/2010,8.01
03/11/2010,7.53
03/13/2010,4.84
03/14/2010,4.85
03/16/2010,6.26
03/17/2010,5.86
03/18/2010,5.88
03/23/2010,4.75
03/24/2010,4.25
03/25/2010,3.56
03/30/2010,3.46
04/01/2010,3.19
04/05/2010,2.12
04/08/2010,2.22
04/12/2010,0.35
04/15/2010,0.31
04/16/2010,0
12/01/2010,0
12/02/2010,0.3
12/07/2010,0.65
12/09/2010,1.28
12/14/2010,1.41
12/16/2010,3.24
12/17/2010,2.19
12/18/2010,2.66
12/19/2010,2.64
12/20/2010,3.85
12/21/2010,4.07
12/22/2010,3.22
12/23/2010,2.88
12/24/2010,2.01
12/25/2010,2.03
12/26/2010,1.71
12/27/2010,1.68
12/28/2010,3.38
12/29/2010,2.54
12/30/2010,2.92
12/31/2010,2.89
01/01/2011,2.89
01/02/2011,2.74
01/03/2011,3.02
01/04/2011,4.72
01/05/2011,2.76
01/06/2011,3.51
01/07/2011,2.61
01/08/2011,3.17
01/09/2011,4.47
01/10/2011,6.36
01/11/2011,7.28
01/12/2011,7.49
01/13/2011,4.82
01/14/2011,6.52
01/15/2011,7.59
01/16/2011,6.97
01/17/2011,8.68
01/18/2011,7.91
01/19/2011,5.64
01/20/2011,11.26
01/21/2011,10.36
01/22/2011,12.17
01/23/2011,10.43
01/24/2011,16.28
01/25/2011,15.25
01/26/2011,11.08
01/27/2011,12.5
01/28/2011,9.5
01/29/2011,10.27
01/30/2011,15.22
01/31/2011,16.48
02/01/2011,18.55
02/02/2011,24.84
02/03/2011,20.46
02/04/2011,15
02/05/2011,10.39
02/06/2011,6.53
02/07/2011,8.33
02/08/2011,9.14
02/09/2011,16.76
02/10/2011,13.37
02/11/2011,26.01
02/12/2011,28.21
02/13/2011,19.69
02/14/2011,14.56
02/15/2011,10.67
02/16/2011,15.28
02/17/2011,10.73
02/18/2011,7.63
02/19/2011,6.07
02/20/2011,12.41
02/21/2011,15.85
02/22/2011,14.34
02/23/2011,23.34
02/24/2011,17.15
02/25/2011,11.36
02/26/2011,15.22
02/27/2011,25.06
02/28/2011,20.77
03/01/2011,21.34
03/02/2011,14.15
03/03/2011,19.37
03/04/2011,27.24
03/05/2011,27.24
03/06/2011,22.49
03/07/2011,27.53
03/08/2011,29.24
03/09/2011,23.51
03/10/2011,19.63
03/11/2011,17.61
03/12/2011,17.04
03/13/2011,17.03
03/14/2011,12.17
03/15/2011,12.19
03/16/2011,11.88
03/17/2011,11.26
03/18/2011,14.22
03/19/2011,13.61
03/20/2011,8.77
03/21/2011,8.76
03/22/2011,8.25
03/23/2011,5.15
03/24/2011,5.34
03/25/2011,9.33
03/26/2011,11.79
03/27/2011,11.2
03/28/2011,13.92
03/29/2011,20.51
03/30/2011,14.3
03/31/2011,30.06
04/01/2011,32.22
04/02/2011,33.64
04/03/2011,22.99
04/04/2011,4.52
04/05/2011,3.44
04/06/2011,3.13
04/07/2011,6.59
04/08/2011,3.31
04/09/2011,3.97
04/10/2011,3.99
04/11/2011,2.48
04/12/2011,2.16
04/13/2011,2.17
04/14/2011,2.05
04/15/2011,1.79
04/16/2011,1.5
04/17/2011,1.39
04/18/2011,1.24
04/19/2011,4.62
04/20/2011,1.25
04/21/2011,1.24
04/22/2011,1.21
04/23/2011,1.21
04/24/2011,1.17
04/25/2011,1.14
04/26/2011,1.09
04/27/2011,1.02
04/28/2011,1.03
04/29/2011,1.42
04/30/2011,0.95
05/01/2011,0.95
05/02/2011,0.96
05/03/2011,0.98
05/04/2011,0.74
05/05/2011,0.54
05/06/2011,0.43
05/09/2011,0.31
05/10/2011,0.25
05/11/2011,0
05/12/2011,0
05/13/2011,0
05/14/2001,0
11/28/2011,0
11/29/2011,1.02
12/01/2011,0.07
12/02/2011,0.15
12/03/2011,0.12
12/04/2011,0.12
12/05/2011,0.37
12/06/2011,0.73
12/07/2011,0.64
12/08/2011,0.54
12/09/2011,0.49
12/10/2011,0.5
12/11/2011,0.5
12/12/2011,0.71
12/13/2011,0.69
12/14/2011,0.73
12/15/2011,0.76
12/16/2011,0.79
12/17/2011,1.14
12/18/2011,1.08
12/19/2011,0.84
12/20/2011,0.8
12/21/2011,0.8
12/22/2011,0.72
12/23/2011,0.73
12/24/2011,0.75
12/25/2011,0.78
12/26/2011,0.76
12/27/2011,0.85
12/28/2011,1.19
12/29/2011,1.27
12/30/2011,1.32
12/31/2011,1.52
01/01/2012,1.41
01/02/2012,1.43
01/03/2012,2.48
01/04/2012,1.55
01/05/2012,1.72
01/06/2012,1.68
01/07/2012,1.67
01/08/2012,1.38
01/09/2012,1.53
01/10/2012,1.2
01/11/2012,1.22
01/12/2012,1.32
01/13/2012,1.76
01/14/2012,1.76
01/15/2012,3.23
01/16/2012,2.9
01/17/2012,1.61
01/18/2012,3.64
01/19/2012,3.8
01/20/2012,5.55
01/21/2012,5.79
01/22/2012,8.23
01/23/2012,6.48
01/24/2012,4.77
01/25/2012,5.1
01/26/2012,8.49
01/27/2012,2.63
01/28/2012,2.61
01/29/2012,2.42
01/30/2012,5.57
01/31/2012,6.51
02/01/2012,3.41
02/02/2012,3.49
02/03/2012,3.48
02/04/2012,3.48
02/05/2012,3.16
02/06/2012,2.57
02/07/2012,2.71
02/08/2012,2.73
02/09/2012,2.97
02/10/2012,3.07
02/11/2012,2.74
02/12/2012,3.47
02/13/2012,5.11
02/14/2012,5.79
02/15/2012,5.4
02/16/2012,4.43
02/17/2012,4.35
02/18/2012,2.73
02/19/2012,2.77
02/20/2012,5.44
02/21/2012,4.8
02/22/2012,2.64
02/23/2012,2.28
02/24/2012,2.22
02/25/2012,2.2
02/26/2012,2.37
02/27/2012,4.28
02/28/2012,4.37
02/29/2012,4.75
03/01/2012,2.61
03/02/2012,4.26
03/03/2012,2.91
03/04/2012,4.46
03/05/2012,5.98
03/06/2012,4.06
03/07/2012,2.72
03/08/2012,2.26
03/09/2012,1.84
03/10/2012,2.1
03/11/2012,2.91
03/12/2012,2.34
03/13/2012,1.96
03/14/2012,1.8
03/15/2012,1.77
03/16/2012,1.8
03/17/2012,1.86
03/18/2012,1.78
03/19/2012,1.34
03/20/2012,1.33
03/21/2012,1.33
03/22/2012,1.31
03/23/2012,1.22
03/24/2012,1.17
03/25/2012,1.14
03/26/2012,0.97
03/27/2012,0.97
03/28/2012,0.91
03/29/2012,0.85
03/30/2012,0.86
03/31/2012,0.78
04/01/2012,0.79
04/02/2012,0.75
04/03/2012,0.74
04/04/2012,0.57
04/05/2012,0.62
04/06/2012,0.53
04/07/2012,0.62
04/08/2012,0.54
04/09/2012,0.28
04/10/2012,0.08
04/11/2012,0.01
04/12/2012,0
04/13/2012,0
04/14/2012,0
11/28/2012,0
11/29/2012,1.02
12/04/2012,0.46
12/05/2012,0.41
12/06/2012,0.51
12/07/2012,0.54
12/08/2012,0.48
12/09/2012,1.07
12/10/2012,1.08
12/11/2012,0.62
12/12/2012,0.83
12/13/2012,0.87
12/14/2012,0.84
12/15/2012,1.33
12/16/2012,1.49
12/17/2012,1.27
12/18/2012,0.71
12/19/2012,0.87
12/20/2012,1.01
12/21/2012,1.04
12/22/2012,0.95
12/23/2012,0.97
12/24/2012,0.91
12/25/2012,1.12
12/26/2012,1.56
12/27/2012,1.83
12/28/2012,2
12/29/2012,2.19
12/30/2012,2.43
12/31/2012,1.79
01/01/2013,1.65
01/02/2013,2.24
01/03/2013,2.8
01/04/2013,1.81
01/05/2013,1.81
01/06/2013,2.22
01/07/2013,2.14
01/08/2013,1.31
01/09/2013,1.35
01/10/2013,1.55
01/11/2013,1.13
01/12/2013,1.12
01/13/2013,1.52
01/14/2013,1.73
01/15/2013,1.81
01/16/2013,2.13
01/17/2013,2.44
01/18/2013,2.65
01/19/2013,5.18
01/20/2013,5.61
01/21/2013,4.57
01/22/2013,6.85
01/23/2013,9.08
01/24/2013,7.79
01/25/2013,10.83
01/26/2013,10.02
01/27/2013,12.33
01/28/2013,8.24
01/29/2013,8.03
01/30/2013,6.36
01/31/2013,4.02
02/01/2013,6.69
02/02/2013,13.07
02/03/2013,15.55
02/04/2013,13.21
02/05/2013,23.07
02/06/2013,19.55
02/07/2013,19.86
02/08/2013,17.72
02/09/2013,27.41
02/10/2013,24.58
02/11/2013,10.98
02/12/2013,10.17
02/13/2013,9.44
02/14/2013,11.68
02/15/2013,10.78
02/16/2013,14.16
02/17/2013,38.65
02/18/2013,35.84
02/19/2013,18.96
02/20/2013,13.36
02/21/2013,16.16
02/22/2013,18.04
02/23/2013,16.34
02/24/2013,19.65
02/25/2013,15.85
02/26/2013,17.41
02/27/2013,11.9
02/28/2013,10.21
03/01/2013,7.82
03/02/2013,8.66
03/03/2013,33.59
03/04/2013,14.77
03/05/2013,16.74
03/06/2013,16.23
03/07/2013,19.14
03/08/2013,16.04
03/09/2013,13.42
03/10/2013,12.72
03/11/2013,9.75
03/12/2013,8.63
03/13/2013,10.86
03/14/2013,9.55
03/15/2013,12.64
03/16/2013,11.64
03/17/2013,15.86
03/18/2013,22.68
03/19/2013,14.72
03/20/2013,10.16
03/21/2013,11.93
03/22/2013,16.62
03/23/2013,15.2
03/24/2013,12.08
03/25/2013,7.52
03/26/2013,6.74
03/27/2013,6.11
03/28/2013,7.02
03/29/2013,12.42
03/30/2013,11.54
03/31/2013,9.45
04/01/2013,7.29
04/02/2013,4.6
04/03/2013,4.71
04/04/2013,4.84
04/05/2013,4.85
04/06/2013,5.65
04/07/2013,5.31
04/08/2013,5.72
04/09/2013,5.33
04/10/2013,4.58
04/11/2013,3.87
04/12/2013,3.41
04/13/2013,3.43
04/14/2013,3.58
04/15/2013,3.1
04/16/2013,3.19
04/17/2013,3.47
04/18/2013,3.1
04/19/2013,3.16
04/20/2013,3.59
04/21/2013,3.19
04/22/2013,2.74
04/23/2013,2.86
04/24/2013,2.47
04/25/2013,2.19
04/26/2013,1.99
04/27/2013,2
04/28/2013,1.82
04/29/2013,1.81
04/30/2013,1.83
05/01/2013,1.67
05/02/2013,1.5
05/03/2013,1.48
05/04/2013,1.56
05/05/2013,1.35
05/06/2013,1.25
05/07/2013,1.35
05/08/2013,1.32
05/09/2013,1.3
05/10/2013,1.24
05/11/2013,1.21
05/12/2013,1.21
05/13/2013,1.02
05/14/2013,1.01
05/15/2013,0.87
05/16/2013,0.84
05/17/2013,0.81
05/18/2013,0.76
05/19/2013,0.73
05/20/2013,0.77
05/21/2013,0.77
05/22/2013,0.21
05/23/2013,0.21
05/24/2013,0.18
05/25/2013,0.16
05/26/2013,0.11
05/27/2013,0.09
05/28/2013,0
05/29/2013,0
11/23/2013,0
11/24/2013,0.53
11/25/2013,0.1
11/26/2013,0.36
11/27/2013,0.39
11/28/2013,0.95
11/29/2013,1.37
11/30/2013,1.49
12/01/2013,1.51
12/02/2013,0.85
12/03/2013,0.83
12/04/2013,0.77
12/05/2013,1.65
12/06/2013,0.96
12/07/2013,1.07
12/08/2013,1.19
12/09/2013,2.11
12/10/2013,2.8
12/11/2013,3.78
12/12/2013,4.01
12/13/2013,5.2
12/14/2013,5.21
12/15/2013,5.81
12/16/2013,5.96
12/17/2013,7.2
12/18/2013,4.09
12/19/2013,4.91
12/20/2013,6.69
12/21/2013,6.74
12/22/2013,7.04
12/23/2013,7.19
12/24/2013,5.65
12/25/2013,7.66
12/26/2013,9.38
12/27/2013,5.15
12/28/2013,4.8
12/30/2013,4.51
12/31/2013,11.9
01/01/2014,13.95
01/02/2014,22.14
01/03/2014,30.25
01/04/2014,16.5
01/05/2014,18
01/06/2014,18.39
01/07/2014,23.63
01/08/2014,30.06
01/09/2014,33.65
01/10/2014,37.15
01/11/2014,29.31
01/12/2014,25.8
01/13/2014,14.55
01/14/2014,17.55
01/15/2014,25.85
01/16/2014,26.79
01/17/2014,26.71
01/18/2014,28.99
01/19/2014,28.99
01/20/2014,29.91
01/21/2014,52.73
01/22/2014,57.78
01/23/2014,57.24
01/24/2014,57.62
01/25/2014,40.07
01/26/2014,50.02
01/27/2014,52.77
01/28/2014,69.42
01/29/2014,73.16
01/30/2014,76.06
01/31/2014,69.11
02/01/2014,77.9
02/02/2014,81.98
02/03/2014,84.22
02/04/2014,91.73
02/05/2014,92.25
02/06/2014,93.58
02/07/2014,86.54
02/08/2014,86.45
02/09/2014,89
02/10/2014,89.01
02/11/2014,95.35
02/12/2014,94.66
02/13/2014,90.98
02/14/2014,87.18
02/15/2014,91.07
02/16/2014,91.1
02/17/2014,90.95
02/18/2014,95.19
02/19/2014,91.84
02/20/2014,90.94
02/21/2014,82.8
02/22/2014,85.53
02/23/2014,78.6
02/24/2014,88.78
02/25/2014,91.74
02/26/2014,95.51
02/28/2014,91.23
03/01/2014,91.23
03/02/2014,95.57
03/03/2014,90.83
03/04/2014,95.36
03/05/2014,95.82
03/06/2014,95.38
03/07/2014,92.76
03/08/2014,92.5
03/09/2014,94.41
03/10/2014,91.39
03/11/2014,90.29
03/12/2014,93.21
03/13/2014,94.57
03/14/2014,91.62
03/15/2014,90.58
03/16/2014,91.33
03/17/2014,95.13
03/18/2014,95.01
03/19/2014,95.41
03/20/2014,89.96
03/21/2014,90.4
03/22/2014,90.23
03/23/2014,86.79
03/24/2014,92.35
03/25/2014,89.42
03/26/2014,94.04
03/27/2014,93.18
03/28/2014,91.12
03/29/2014,90.53
03/30/2014,90.24
03/31/2014,90.8
04/01/2014,90.71
04/02/2014,83.66
04/03/2014,87.03
04/04/2014,83.92
04/05/2014,83.92
04/06/2014,75.73
04/07/2014,80.68
04/08/2014,81.83
04/09/2014,83.56
04/10/2014,80.25
04/11/2014,82.98
04/12/2014,80.38
04/13/2014,77.69
04/14/2014,65.95
04/15/2014,62.06
04/16/2014,64.06
04/17/2014,68.18
04/18/2014,67.23
04/19/2014,64.31
04/20/2014,63.54
04/21/2014,71.21
04/22/2014,59.97
04/23/2014,67.8
04/24/2014,67.56
04/25/2014,68.26
04/26/2014,60.1
04/27/2014,62.13
04/28/2014,51.27
04/29/2014,54.27
04/30/2014,41.25
05/01/2014,40.97
05/02/2014,41.76
05/03/2014,42.46
05/04/2014,36.64
05/05/2014,34.39
05/06/2014,34.32
05/07/2014,34.86
05/08/2014,32.25
05/09/2014,30.01
05/10/2014,28.6
05/11/2014,22.71
05/12/2014,21.11
05/13/2014,22.36
05/14/2014,13.66
05/15/2014,14.51
05/16/2014,13.32
05/17/2014,9.19
05/18/2014,7.22
05/19/2014,6.55
05/20/2014,6.74
05/21/2014,4.49
05/22/2014,3.56
05/23/2014,2.98
05/24/2014,4.23
05/25/2014,4.64
05/26/2014,4.54
05/27/2014,3.02
05/28/2014,3.51
05/29/2014,2.22
05/30/2014,1.19
05/31/2014,1.3
06/01/2014,1.22
06/02/2014,1.28
06/03/2014,1.37
06/04/2014,0.56
06/05/2014,0.01
06/06/2014,0
11/13/2014,0
11/14/2014,0
11/15/2014,0.27
11/16/2014,0.21
11/17/2014,0.21
11/18/2014,0.51
11/20/2014,1.12
11/21/2014,0.68
11/22/2014,0.48
11/23/2014,0.47
11/24/2014,0.32
11/25/2014,0.36
11/26/2014,0.53
11/27/2014,0.86
11/28/2014,1.03
11/29/2014,1.15
11/30/2014,1.13
12/01/2014,1.19
12/02/2014,1.55
12/03/2014,1.35
12/04/2014,1.53
12/05/2014,1.63
12/06/2014,1.72
12/07/2014,1.73
12/08/2014,1.45
12/09/2014,1.29
12/10/2014,1.74
12/11/2014,1.6
12/12/2014,1.61
12/13/2014,1.23
12/14/2014,1.21
12/15/2014,1.12
12/16/2014,1.1
12/17/2014,1.07
12/18/2014,1.47
12/19/2014,2.6
12/20/2014,2.43
12/21/2014,2.6
12/22/2014,2.38
12/23/2014,1.51
12/24/2014,1.39
12/25/2014,1.43
12/26/2014,1.48
12/27/2014,1.31
12/28/2014,1.37
12/29/2014,2.34
12/30/2014,2.86
12/31/2014,4.63
01/01/2015,4.75
01/02/2015,3.89
01/03/2015,7.41
01/04/2015,6.63
01/05/2015,7.91
01/06/2015,7.95
01/07/2015,9.22
01/08/2015,12.91
01/09/2015,6.49
01/10/2015,11.18
01/11/2015,13.57
01/12/2015,14.99
01/13/2015,17.64
01/14/2015,19.29
01/15/2015,19.66
01/16/2015,10.06
01/17/2015,13.54
01/18/2015,11.58
01/19/2015,14.32
01/20/2015,18.53
01/21/2015,19.45
01/22/2015,20.31
01/23/2015,13.31
01/24/2015,12.47
01/25/2015,16.34
01/26/2015,25.09
01/27/2015,26.49
01/28/2015,29.95
01/29/2015,27.76
01/30/2015,16.41
01/31/2015,20.37
02/01/2015,22.14
02/02/2015,44.82
02/03/2015,41.65
02/04/2015,42.11
02/05/2015,55.9
02/06/2015,41.21
02/07/2015,43.29
02/08/2015,41.74
02/09/2015,53.92
02/10/2015,54.46
02/11/2015,63.25
02/12/2015,55.8
02/13/2015,70.06
02/14/2015,67.43
02/15/2015,74.17
02/16/2015,85.04
02/17/2015,88.89
02/18/2015,91.61
02/19/2015,91.71
02/20/2015,93.78
02/21/2015,93.49
02/22/2015,94.96
02/23/2015,95.52
02/24/2015,93
02/25/2015,94.72
02/26/2015,95.52
02/27/2015,95.62
02/28/2015,95.65
03/01/2015,94.21
03/02/2015,89.15
03/03/2015,86.82
03/04/2015,91.2
03/05/2015,94.09
03/06/2015,92.9
03/07/2015,92.08
03/08/2015,90.06
03/09/2015,85.81
03/10/2015,80.59
03/11/2015,75.16
03/12/2015,76.14
03/13/2015,77.84
03/14/2015,74.54
03/15/2015,72.76
03/16/2015,71.84
03/17/2015,63.81
03/18/2015,61.25
03/19/2015,60.71
03/20/2015,61.62
03/21/2015,61.25
03/22/2015,60.56
03/23/2015,67.42
03/24/2015,69.08
03/25/2015,69.05
03/26/2015,64.17
03/27/2015,68.85
03/28/2015,72.26
03/29/2015,66.91
03/30/2015,62.91
03/31/2015,62.87
04/01/2015,67.74
04/02/2015,59.1
04/04/2015,49.21
04/05/2015,51.33
04/06/2015,57.21
04/07/2015,57.89
04/08/2015,60.17
04/09/2015,58.86
04/10/2015,58.86
04/11/2015,40.46
04/12/2015,40.41
04/13/2015,37.67
04/14/2015,28.55
04/15/2015,27.5
04/16/2015,26.98
04/17/2015,25.62
04/18/2015,22.63
04/19/2015,21.35
04/20/2015,22.8
04/21/2015,21.67
04/22/2015,14.98
04/23/2015,13.97
04/24/2015,13.59
04/25/2015,14.95
04/26/2015,13.97
04/27/2015,12.59
04/28/2015,12.9
04/29/2015,12.46
04/30/2015,11.98
05/01/2015,11.57
05/02/2015,11.17
05/03/2015,10.59
05/04/2015,8.68
05/05/2015,7.37
05/06/2015,8.12
05/07/2015,8.09
05/08/2015,5.54
05/09/2015,4.55
05/10/2015,3.64
05/11/2015,3.2
05/12/2015,3.17
05/13/2015,2.14
05/14/2015,2.27
05/15/2015,1.65
05/16/2015,1.38
05/17/2015,1.3
05/18/2015,1.01
05/19/2015,0.64
05/20/2015,0.45
05/21/2015,0.48
05/22/2015,0.16
05/23/2015,0.13
05/24/2015,0.01
05/25/2015,0.03
05/26/2015,0.02
05/27/2015,0.02
05/28/2015,0
05/29/2015,0
11/26/2015,0
11/27/2015,0.04
11/28/2015,0.02
11/29/2015,0.06
11/30/2015,0.36
12/01/2015,0.09
12/02/2015,0.07
12/03/2015,0.04
12/04/2015,0.03
12/05/2015,0
12/06/2015,0
12/07/2015,0
12/08/2015,0
12/09/2015,0
12/10/2015,0.01
12/11/2015,0
12/12/2015,0
12/13/2015,0
12/14/2015,0
12/15/2015,0
12/16/2015,0.01
12/17/2015,0.08
12/18/2015,0.11
12/19/2015,0.11
12/20/2015,0.46
12/21/2015,0.46
12/22/2015,0.49
12/23/2015,0.42
12/24/2015,0.7
12/26/2015,0.49
12/27/2015,0.7
12/28/2015,0.94
12/29/2015,0.96
12/30/2015,1.17
12/31/2015,1.35
01/01/2016,1.02
01/02/2016,1.12
01/03/2016,1.17
01/04/2016,1.21
01/05/2016,1.24
01/06/2016,1.33
01/07/2016,1.29
01/08/2016,1
01/09/2016,1.19
01/10/2016,1.41
01/11/2016,3.05
01/12/2016,2.86
01/13/2016,3.83
01/14/2016,4.95
01/15/2016,6.41
01/16/2016,5.78
01/17/2016,7.24
01/18/2016,3.88
01/19/2016,6.39
01/20/2016,8.8
01/21/2016,8.57
01/22/2016,6.87
01/23/2016,7.52
01/24/2016,6.2
01/25/2016,5.21
01/26/2016,5.27
01/27/2016,5.31
01/28/2016,5.16
01/29/2016,5.25
01/30/2016,4.86
01/31/2016,2.94
02/01/2016,2.16
02/02/2016,2.92
02/03/2016,3.26
02/04/2016,4.83
02/05/2016,4.74
02/06/2016,4.74
02/07/2016,3.77
02/08/2016,3.13
02/09/2016,5.38
02/10/2016,6.25
02/11/2016,8.11
02/12/2016,11.35
02/13/2016,15.06
02/14/2016,22.69
02/15/2016,17.73
02/16/2016,16.66
02/17/2016,10.07
02/18/2016,14.44
02/19/2016,16.49
02/20/2016,15.86
02/21/2016,3.94
02/22/2016,6.09
02/23/2016,6.65
02/24/2016,5.82
02/25/2016,5.86
02/26/2016,5.24
02/27/2016,4.43
02/28/2016,3.45
02/29/2016,11.51
03/01/2016,12.13
03/02/2016,13.26
03/03/2016,15.49
03/04/2016,15.73
03/05/2016,14.89
03/06/2016,10.09
03/07/2016,6.83
03/08/2016,6.34
03/09/2016,5.28
03/10/2016,3.9
03/11/2016,3.99
03/12/2016,3.85
03/13/2016,3.66
03/14/2016,3.54
03/15/2016,4.05
03/16/2016,2.88
03/17/2016,2.08
03/18/2016,1.63
03/19/2016,5.46
03/20/2016,2.66
03/21/2016,1.69
03/22/2016,1.56
03/23/2016,1.59
03/24/2016,1.47
03/25/2016,1.45
03/26/2016,1.32
03/27/2016,1.28
03/28/2016,1.28
03/29/2016,1.22
03/30/2016,1.31
03/31/2016,1.27
04/01/2016,1.29
04/02/2016,1.16
04/03/2016,1.12
04/04/2016,1.11
04/05/2016,1.31
04/06/2016,1.13
04/07/2016,1.13
04/08/2016,1.13
04/09/2016,1.07
04/10/2016,0.56
04/11/2016,1.05
04/12/2016,1.09
04/13/2016,1.06
04/14/2016,1.06
04/15/2016,1.06
04/16/2016,0.55
04/17/2016,1.04
04/18/2016,1.04
04/19/2016,1.02
04/20/2016,1.04
04/21/2016,1.04
04/22/2016,1.04
04/23/2016,0.93
04/24/2016,0.91
04/25/2016,0.91
04/26/2016,0.91
04/27/2016,0.93
04/28/2016,0.94
04/29/2016,0.94
04/30/2016,0.32
05/01/2016,0.55
05/02/2016,0.24
05/03/2016,0.24
05/04/2016,0.24
05/05/2016,0
